contest_id,mode,c_i_mean,c_i_sd,c_i_q025,c_i_q975,c_i_rhat,c_j_mean,c_j_sd,c_j_q025,c_j_q975,c_j_rhat,sigma_mean,sigma_sd,sigma_q025,sigma_q975,sigma_rhat,lambda_mean,lambda_sd,lambda_q025,lambda_q975,lambda_rhat,mu_0_mean,mu_0_sd,mu_0_q025,mu_0_q975,mu_0_rhat,r_mean,r_sd,r_q025,r_q975,r_rhat,divergences,max_treedepth
2445,early,2.4066647590000003,0.8045002630593728,1.10607375,4.205058749999999,1.000583019857175,3.8940939749999997,0.7801097411141846,2.1663955,4.956232,0.9995600739049553,1.1932771195,0.38717260554173666,0.618111875,2.1068214999999992,1.001606162904954,3.8655166405,2.7949159133005774,0.84313065,11.419014999999993,1.0016125271868885,-0.25666410541100004,0.840960256622268,-2.0193950000000003,1.3557047499999995,0.9988874017358924,2.0760531028058202,0.6971789641271485,1.0344730613426616,3.7137129274744325,0.9991362384756405,0,5
2445,full,3.00298474,0.7456082741137908,1.718227,4.583260749999998,1.0033737059988022,4.053381795,0.7068752910120354,2.453218,4.971053249999999,1.004713836649974,0.6439703655000001,0.12395314337455555,0.506380925,0.9654443999999992,0.9995550777123634,14.475204834999998,8.46103753769563,4.346703,38.55330749999999,0.9993453953916763,-0.2273830589365,0.6242410309689392,-1.45917275,0.9860306499999977,0.999471797769948,1.849435853679142,0.49342271317088826,1.0587970818008061,2.9362235649705397,1.003345177601592,0,6
2454,early,0.5935588855,0.26581722005142994,0.25094520000000003,1.2456609999999986,0.9984432588511013,0.6921083109999999,0.3146555394606027,0.268575825,1.439941499999999,0.9991148341009652,0.975490208,0.20009891663352325,0.6548736000000001,1.4457629999999995,1.0019695337788155,3.7030111365,2.462243469748054,0.9742687250000001,10.658912499999992,1.000446889260312,4.302923344999999,0.7873236503256726,2.7337902499999998,5.84794375,1.0021554563182549,17.341589676047654,6.434155216620059,8.173383941223111,32.42725929484381,0.9995212612444204,0,5
2454,full,0.575721034,0.23936212927700126,0.24337372499999999,1.1916074999999997,1.0013852350251724,0.8203680425,0.37524041354241205,0.32502057500000003,1.7927564999999985,1.0014151897077903,0.7773245035,0.12125534869906174,0.5772892000000001,1.04452075,1.0004060055746962,7.693200262,4.364840965738253,2.37008175,18.496912499999997,1.0014905411496446,4.321477755,0.7032728542402767,2.97086525,5.638744999999999,0.9996337519600447,16.522139354618407,6.432123617537363,7.581134546087706,32.78208460957677,1.0027021375334149,0,5
2464,early,0.9966685205000001,0.4673061575273603,0.38078315,2.1516274999999996,1.0013209967732764,1.0105265105,0.4525882850864035,0.3918647,2.14822225,0.999973358650706,2.316442455,0.44805525373007354,1.6495772499999999,3.335298249999998,1.000031267672983,2.1340921440000002,1.0683606744305445,0.674780975,4.685795749999999,1.0014731959422007,-0.8287185452105001,0.928469228286286,-2.55448175,1.0262547499999979,0.9996862090211417,11.462955274765989,4.577934959492122,5.103636561017906,22.117691696167135,1.001270554847492,0,5
2464,full,1.1316980344999998,0.5449320986121319,0.44439612500000003,2.55270975,1.0082986589748213,1.0625987545,0.5000522369820073,0.41036852500000004,2.3160074999999996,1.005369508449101,1.9447988049999998,0.34629478271971037,1.3772547499999999,2.73047525,1.0008456385034363,2.819408996,1.3579075317040985,1.0076735,6.17146575,1.000663329885596,-0.793317176055,0.9239731884011363,-2.649111,0.9917814749999997,1.000789872479928,10.994120898211177,4.541436493084774,4.725916357798772,22.48127080237867,1.0077385965463197,0,5
2478,early,3.314159736,0.9600392859765835,1.479247,4.9049075,0.9989118871300154,1.683627637,0.7024393748237022,0.6984281999999999,3.4166022499999995,1.00497909578712,0.93628114,0.29602223990312965,0.53889915,1.6499394999999994,1.0009067154968407,2.91597551,2.207063710828861,0.627043625,8.403437749999998,1.0011270981522347,0.0722294248225,0.8163170771070838,-1.5606972499999998,1.69176025,0.9991413153900568,4.003116429159284,1.4819316082136587,1.8420681813006772,7.512470056648343,1.0011168600883826,0,5
2478,full,2.6278701485,0.9073154497919216,1.171573,4.6142259999999995,0.9992431314133553,2.3432916765,0.8620374305365411,1.06732975,4.39503725,1.001183692449279,0.5975652055,0.09008302276492781,0.5020886,0.821305725,1.0022397446793823,9.9098596435,6.033941224934655,2.912995,25.61074499999997,1.0021594971428263,0.048575520684,0.6241437862437113,-1.1744377499999998,1.303847999999998,1.0004671498469326,4.360769525623695,1.4925126218958462,2.1139983549049055,7.764297641714097,0.9994647315266405,0,6
2489,early,2.198426446,0.8416446016422097,0.949977325,4.230868249999999,1.0013041861680683,1.3579073765000003,0.5560988089779136,0.596806575,2.690506249999998,1.0027383071388674,0.6006587449999999,0.09308522244673939,0.502655175,0.8537306999999997,1.0006878384840727,9.448761614999999,5.873642771049121,2.7414375,24.656652499999957,1.0010499800761978,0.27005660799744996,0.6546679646233085,-1.0127922500000002,1.5298344999999995,1.0037485127542725,6.5627762505041805,2.3516693371658866,3.0823342041838537,11.918782776924118,1.0006892302698758,0,5
2489,full,2.1189547,0.8379625967778743,0.835747025,4.264821749999999,1.008182849779745,1.328583221,0.514687433498222,0.595095375,2.5504702499999996,1.0044511558200908,0.571400056,0.06672563018124598,0.5013319,0.7445643999999999,1.001161440750407,9.712524675000001,4.641351049874786,3.6178102500000002,22.1824425,1.0053631761061834,0.26115254605300003,0.6248144752243896,-0.9236831499999999,1.4979899999999997,1.0020967285761422,7.033332019143144,2.5012495476265064,3.3203070383718636,12.757923161701031,1.0034336196458356,0,5
2549,early,0.8773996135,0.40711438682829354,0.3286539,1.8523802499999997,1.0009831680171195,1.526281397,0.6998734340415551,0.5709152,3.251729749999996,0.9998990227156469,1.1717507615,0.3296963827196104,0.661314775,1.9751337499999997,1.001431231916513,3.2749186784999997,2.2919769788115376,0.8957806500000001,9.38912525,1.0005401177329327,-2.970253535,0.8301145545651125,-4.66342775,-1.2632952500000003,0.9993988855597499,9.779807738078311,3.9564149873542456,4.398477024871108,19.39764181163109,1.00152193105326,0,5
2549,full,0.978674645,0.4422426514372343,0.37848565,2.103374,0.9990586127411606,1.4685249734999999,0.6761751914603655,0.577153175,3.120153249999999,1.0009106087866524,0.913752972,0.24093127616151377,0.5566719499999999,1.4808974999999995,0.9996019621847628,3.7168353534999996,1.9719838226486583,1.29067475,8.541686749999998,1.000716627265723,-2.9896295675,0.7706784305641712,-4.47244975,-1.384455250000002,1.000688350739618,9.835341674771042,3.91439554809942,4.339130597945717,19.53505964967677,0.9988345173429182,0,5
2551,early,1.8577338835000001,0.5740189741299973,0.9783412499999999,3.1951275,1.0046776505291708,3.433997365,0.8772139845827132,1.7841135,4.88391075,1.0051064696243643,0.533053786,0.03309456673429748,0.500586,0.6181042,0.9997440030736773,22.467582,11.38151801752674,7.89049175,51.953219999999995,1.0011241421405042,-0.026299138424499994,0.5627260076196303,-1.1361475,1.0748869999999997,0.9996684867183797,3.633016739447853,1.0390861437145509,1.9340104860671135,5.9411787979484005,1.0047735981769101,0,5
2551,full,1.9811864815,0.6115215117875733,0.9793186,3.3508749999999967,1.0042479987701585,2.9218970465000003,0.890078142940191,1.339382,4.69544875,1.0030570215345835,0.520804846,0.020875245280955478,0.50045255,0.578756575,0.9987447011219134,46.94191075,19.05698470912913,18.936542499999998,90.70752249999997,1.0041948305814457,-0.017693438155499997,0.5187291786775322,-1.04171875,0.9876871249999993,1.0006621358969052,4.866951765643264,1.456212723786852,2.356138731198573,8.012613607709634,1.0036760403271716,0,6
2667,early,4.16175842,0.5338580526295759,2.9088275,4.94900475,1.0009783570342534,4.2681406025,0.5341745125100652,2.95175425,4.96878375,1.0012506870042464,0.64034287725,0.077541683802455,0.512417075,0.811294425,1.0035067138916802,20.5237210825,6.999599456531058,10.80657,37.48493,0.9999891076370518,0.052791351461,0.609928286991797,-1.20169775,1.2306107500000003,1.0001763550865037,0.857087497428324,0.15436165018140333,0.5670044385685461,1.1686369607445655,1.0025444329377402,0,7
2667,full,3.2412622449999997,0.7673983679180271,1.8547955,4.7912675,1.0049390439670616,3.683959765,0.782071222656574,2.07997625,4.91203125,1.003607443080984,1.9272181300000002,0.14473949730893682,1.6601382500000001,2.2229152500000002,1.000128801397944,14.65301775,8.16541965918645,5.05562775,36.64288249999999,1.000398548547784,0.089864759445,0.8794277026678814,-1.61974475,1.8298329999999994,1.004146154326268,2.2930958532172765,0.531423333616962,1.298616153348114,3.316833319073876,1.0030783170216198,0,5
2749,early,2.208018489,0.7512594997373295,1.01237975,3.9484187499999996,1.0037239711419546,3.269286778,0.9348642389042688,1.5266335,4.8861159999999995,1.0007248403674713,0.8071631685000001,0.22927675091596925,0.514188425,1.36564125,1.0032173370454447,10.030026824999998,5.3620276088271845,3.0558287500000003,24.24345249999999,1.001249479529107,0.073667920096,0.7202904782964434,-1.37773675,1.4539359999999977,0.9991445117032831,3.5858130100727066,1.2079423263421285,1.7543988828496728,6.429607537569254,1.0054471184920748,0,5
2749,full,2.5383556090000003,0.8181483351360345,1.2417985,4.405266749999999,1.0007169726212801,3.2632793149999997,0.9000324353069078,1.56606225,4.857519249999999,1.0002647258408044,0.6621493104999999,0.13238318261454765,0.505401,0.9955647749999998,1.0027554207855829,16.552611735000003,8.2212720861546,5.97181875,37.7751275,1.0012031571865811,0.063786779344,0.6577573484681094,-1.2021359999999999,1.4076269999999995,1.0010046374534145,3.5151490484574266,1.0620952933062857,1.8218827609252022,5.86174455248048,1.0049881861586285,0,6
2762,early,2.1391555469999997,0.8441501501798855,0.899882675,4.235106499999996,1.001255895700137,1.7696720479999999,0.6682738180904069,0.8176224750000001,3.3970829999999976,1.003809548087728,0.5528257265,0.05042162983883504,0.501620725,0.6851799499999998,0.999044565814951,12.246529145,5.407098402557872,4.82392975,25.809074999999993,0.9997281165887675,0.7711485311315001,0.5838091921716033,-0.36332115,1.8985167499999998,1.0026632879112494,6.420018722662117,2.270989660332703,3.0085866196233613,11.916300479718164,1.0033404980471388,0,5
2762,full,2.46858428,0.8986543241467486,1.07648325,4.524607749999992,1.0033292014070645,1.7930641390000002,0.6330140678742923,0.842761325,3.2817959999999973,1.0035076053881453,0.5407232865000001,0.0406936215772073,0.5010656,0.656242075,1.0003671574747754,13.751459595,6.346730738610966,5.09966475,29.497587499999995,1.003949688089323,0.7350824396275,0.5643828632152436,-0.344613325,1.8433149999999978,0.999843599720978,5.820434852172358,1.9532212003549745,2.810557187412911,10.251060135306021,1.0024300999257276,0,5
2860,early,2.127575987,0.8485840368210338,0.8756007,4.212219749999997,1.0064286121323003,3.0238588650000002,0.9799137368905909,1.2985754999999999,4.834221749999999,1.003314450519956,0.7124423569999999,0.18725889106393265,0.5069534250000001,1.195029,0.9998768465945483,4.3974763935,3.0230004393808847,1.01940075,12.2630575,0.9997812116619776,-0.025862824846499998,0.7281202209099616,-1.483498,1.4021317499999995,0.9994738823819802,4.103836382457992,1.5185734532056738,1.9447002297914173,7.792740557655807,1.0035729779756317,0,5
2860,full,1.8749438935,0.6751912644250265,0.8775501,3.531146999999998,0.9999122404762589,3.405564357,0.8964960755322897,1.6519700000000002,4.863400749999999,0.9999470561833854,0.6053206875000001,0.1008328801724109,0.5042309500000001,0.8685509749999999,0.9989340984579383,7.0384387675,4.6232893335671745,1.9448405,20.383874999999986,1.000593559482585,-0.035029033950500006,0.6695881603271725,-1.330947,1.29869475,1.000424735565948,3.8523537106856476,1.226043649014077,1.9502650104022607,6.680576260383165,0.999729012896362,0,5
3064,early,0.7744617845,0.38558350344320863,0.275832125,1.7662372499999992,1.0020230511854438,1.707889193,0.8367021991928411,0.58952245,3.919005499999997,1.0024994566039944,0.729346267,0.19137627159635484,0.511304125,1.2067177499999997,0.9993480176259824,5.796570821,4.1728812244381785,1.3910770000000001,15.79356249999997,0.9987811619737722,0.007919741329979997,0.6632723059600327,-1.35045675,1.3120122499999995,1.0001867322373446,10.331438044692513,4.355743564478959,4.411662077041738,21.07271902449194,1.0017293123479574,0,5
3064,full,0.7461911744999999,0.32609542288564325,0.30623465,1.5886289999999987,1.0024241894924275,1.6281432605,0.7429181037540675,0.59907625,3.58118325,1.0022957070781218,0.619163544,0.12046916698398795,0.50231105,0.9131766249999997,1.0015557101509036,10.1397857255,6.834228273117615,2.355782,28.147199999999984,1.0033356750290705,-0.025305787025000002,0.6879567867009423,-1.3591705,1.2911282499999994,1.0038876166731636,10.833681223361179,4.234004203825709,4.8965567360369455,20.193596322158584,1.0027198958039465,0,5
3080,early,0.588512586,0.24354606454558947,0.239823925,1.1995334999999998,1.00417671007545,0.574390313,0.2304283128113374,0.2433782,1.1249954999999991,1.0054882090374087,0.5243456875,0.02486177078156424,0.5005508,0.594609625,0.9986822189679865,55.897823005,20.28745278106768,22.548820000000003,96.65386249999999,1.000041507878478,-0.4658171719205,0.5089160827019069,-1.4335285,0.5462372999999968,0.9989081271746223,18.95425484193822,6.973590608770488,8.706845036832181,35.58062537986194,1.005442678582404,0,5
3080,full,0.59875669825,0.2506419636774691,0.25355880000000003,1.2152350000000005,1.0004817694015053,0.53515750775,0.21443430804878924,0.23463732499999998,1.0809382500000004,0.9997843746080173,0.5176053155,0.01762842711134674,0.5004229499999999,0.566196475,0.9993677645100291,66.0936945,18.529316730916534,31.226302500000003,97.81653,1.0011334163781191,-0.464751495513,0.5174734193809188,-1.46708525,0.535481175,0.9997822176290423,19.382140557401893,7.329151753024678,8.853485797135557,37.182380272651145,1.0000424055528423,0,6
3288,early,1.692940141,0.6432250102358751,0.7524678250000001,3.181858749999996,1.0000292974528016,2.7448766875,0.9618648879238592,1.1576825,4.69482575,1.000400804559666,0.675682229,0.14055609258363277,0.50613195,1.0298909999999994,0.9990731311904253,8.06455742,4.019890898238722,2.6807392500000002,18.257994999999998,0.9995140572896748,-0.4408759920975,0.6682870692764192,-1.72901375,0.926851699999999,1.004978839062695,5.402027757009598,1.837497097905653,2.481285786957833,9.52730378755378,1.000921507285938,0,5
3288,full,0.6844766210000001,0.2842457359755631,0.292127825,1.32969125,1.0021932478420559,1.303553556,0.5915468768220342,0.528113325,2.7630599999999976,1.0023910778904677,3.2364618949999997,0.47003801102928383,2.37151,4.230364499999999,0.9997745138793168,1.8434218139999998,1.5185500893284565,0.39683185,6.014831749999978,0.9997165901616277,-0.3753368478935,0.9829849012513253,-2.26247775,1.4768994999999994,0.9996193185064766,12.051526567252145,4.698149631356748,5.56360158604543,23.45849822375269,1.003244153049958,0,5
3338,early,2.2425697795,0.7915844922882582,0.9891578,3.985717749999997,1.0084855833109585,2.293139322,0.8259269166873275,1.0422125,4.203872499999998,1.0068417866411232,0.5380079725000001,0.037111350747687726,0.5015177000000001,0.6404114749999996,1.0015955684632047,45.18446649999999,17.276326450132373,19.1769925,85.67985749999998,0.9987490866648758,-0.5421388936974999,0.5271639295763604,-1.57458425,0.49313624999999867,0.9991105850559237,5.420881866654654,1.8641775731069787,2.5484281311160144,9.706621257392817,1.0054995337371224,0,5
3338,full,2.2169661735,0.7738547340001485,1.05510325,4.106809999999999,1.0010486789397892,2.2056374445,0.7678789510020637,1.03461175,4.102071249999999,1.0042983201294609,0.52196772,0.02079844588418083,0.50086595,0.5774148749999999,0.9984675377240859,66.39530364999999,17.957337356289084,34.2235275,98.82054000000001,1.0055224067676816,-0.5230414559574,0.5159831719905102,-1.48628925,0.47406617499999926,1.0005260773951228,5.751022640496344,1.8963776447514589,2.870052297851712,10.177005595434007,1.0024346755292095,0,5
3353,early,2.98072431,0.751100434692073,1.6559305,4.499693,1.000261339661992,4.273215485000001,0.5824559149055566,2.8748755000000004,4.97321625,1.0018189998213018,0.9196012339999999,0.24954602487277,0.5536264000000001,1.504622,0.9991767816786362,4.3095585540000005,2.815637101475833,1.1960487499999999,11.664,0.9991565183835728,-1.421768058565,0.7686122184797938,-2.85842975,0.06260376749999838,0.9997972786165665,1.0873449391346808,0.28740424727343095,0.6324710170294093,1.7550916025699843,1.0009169485829483,0,5
3353,full,2.5755060249999997,0.5855823702527465,1.58758475,3.8428514999999974,1.0007502389315113,4.3373301,0.5466315042033196,3.01608425,4.978668,1.0041474239508357,0.917582822,0.1953173895705952,0.59711315,1.34028625,0.9997396192813168,4.030392485,1.8911205620480878,1.57858625,8.765310499999996,1.0023169073466345,-1.4148787571650001,0.7812646990273611,-2.939243,0.11677907499999818,0.9990648583911507,1.3439222265795834,0.30619365797243286,0.8196117497750818,2.099378085270133,1.000939768932685,0,5
3366,early,1.7958799300000001,0.8520979248051123,0.65206325,4.080573999999998,1.0072913954956437,0.9970992240000001,0.4634560512985006,0.38799765,2.1942289999999995,1.0038063447470478,0.8532001985000001,0.21792394608802718,0.5321339500000001,1.3713224999999998,0.9992298933715424,5.5020000425,3.2222458261533005,1.62658925,13.455974999999986,1.0003473587353684,2.4993053164499996,0.7630862569385514,1.03672625,4.01661,1.001671333516067,8.843993746843932,3.6296644179883018,3.8130199059454197,17.504496967842034,1.0056996853433708,0,5
3366,full,1.6430510965,0.7435191695694772,0.591252225,3.47277025,1.0013485085202392,1.065984338,0.4733914601334232,0.42206255,2.2552327499999985,1.0029649413817008,0.7093536619999999,0.1418590365667855,0.5168771999999999,1.05691425,0.9989163508336274,9.41863596,4.495868199461661,3.2993805,20.213247499999976,1.0010195208320058,2.5031872490000002,0.6892608712099088,1.166899,3.8951395,0.9989928960216141,8.888131548650938,3.4361362889229854,3.9862500099758678,17.089645792846863,1.002288253986393,0,5
3507,early,1.596998325,0.7036961562678921,0.642319975,3.4132929999999995,1.000943419360219,1.0073928955000002,0.4266125078468261,0.404678525,1.9973807499999998,1.0003681541040508,0.7949729035,0.1972720923987777,0.521171675,1.2689424999999992,1.0006338323313217,4.1855246505,2.1913493251442744,1.43963675,9.633289999999997,1.0013767256890709,-0.2800784643,0.7493508111192323,-1.73063375,1.1820764999999984,1.0004793982294113,9.035804275568264,3.406259003804908,4.022898909344086,17.347587994641046,1.0009410075187173,0,5
3507,full,1.5239403475000002,0.6998082343527537,0.5882389,3.337286,1.0015886796582103,1.323911154,0.5882497689126093,0.522244575,2.811939749999998,1.0014078578077268,0.5999798525,0.09051339551154436,0.5027805000000001,0.8263275999999998,0.9989614213489227,8.290525890000001,4.178874901343943,2.80710575,19.051494999999985,1.0015899532031451,-0.2709365474535,0.6459005866045077,-1.55809425,0.9378961249999997,0.9989164371702884,8.709130407727237,3.483639706452888,3.716954917201829,17.267765876230172,1.0001879708096566,0,5
3509,early,1.2120052829999999,0.5962633652661768,0.4235546,2.692981249999998,1.0067487954092804,0.7117196644999999,0.3342808617238704,0.2641076,1.481537749999999,1.002939119461143,1.3591616439999998,0.27746531234325694,0.92930205,1.9923479999999996,1.0008156366494696,4.439209898,3.196996585594905,0.999637275,12.510392499999993,1.0003580816351407,-0.076721588948,0.8543873641114437,-1.7957489999999998,1.5120729999999996,0.999823300623754,12.68982438615516,5.062976586456748,5.523002973167795,25.119562179448547,1.0025117459757413,0,4
3509,full,1.179870302,0.5536711324633888,0.42759585,2.4411649999999985,0.9996918057055942,0.7702984810000001,0.35037559414824115,0.2976473,1.6383027499999971,0.9998616771366482,1.1652696200000001,0.20868951183365275,0.832520225,1.6203994999999995,1.0013309560423145,4.7661321245,3.2212433679846995,1.11581175,12.9054175,0.9999039775732744,-0.035155751847999996,0.7987305470804298,-1.5807532499999999,1.5695347499999992,0.9997951128780479,12.109934528964752,4.772585982845701,5.376272286345063,23.89952954024923,0.9990230317954435,0,5
3526,early,3.1546418345,0.8569767818030368,1.65384625,4.7816737499999995,1.0013334185451952,3.9692043700000004,0.7316491350790583,2.3196555,4.94654375,1.0058428140093363,0.741417721,0.19408574767726733,0.513074475,1.2250572499999999,1.000937781470319,10.210562265,7.363597394277244,2.46213925,30.35108249999998,1.003996912086345,0.7261332177065001,0.6545174375222538,-0.58183745,1.9638422499999995,1.000085846068741,1.6336165984402213,0.49278661152238695,0.8971778979145608,2.8090405961113487,1.00325904480628,0,5
3526,full,3.1385287914999997,0.8441175109049286,1.6301619999999999,4.77373475,0.9991131614391989,4.005679585,0.7189001989476713,2.40624625,4.9700145,1.0015880778146438,0.7580552195,0.19491915708307203,0.513259625,1.2297654999999998,0.9994127792134699,9.987718270000002,6.517015583055292,2.42941575,26.54597749999998,1.0013466754403297,0.7020174235150001,0.6825218164379305,-0.6406736249999999,2.0009024999999987,0.9989732073793051,1.453194432945883,0.4380032478065075,0.7720809640472849,2.470058858043074,0.9998804051696304,0,5
3641,early,2.808680723,0.870329564552334,1.3456934999999999,4.613392499999999,1.0020425967607152,2.680027171,0.8819311652818419,1.2503275,4.65188225,1.0022107944740741,0.5342655205000001,0.034913138646914414,0.500818975,0.6328231249999999,1.0007281047081797,16.72638196,8.053704741621956,6.248309000000001,37.35196999999994,1.001213123933683,0.7447523101459999,0.5613663708243711,-0.3504866,1.8418584999999998,1.0009247293107797,4.089636391423123,1.2577113503835944,1.9919076915371992,6.867030957348088,1.0008677882026151,0,5
3641,full,2.1642295032499996,0.6807336472235798,1.1058305000000002,3.7156975,1.001479497575892,2.9806226029999996,0.910435623140905,1.42058825,4.831013250000001,1.0020286020144493,0.5176983672500001,0.01690193542527475,0.500510925,0.5648797249999999,0.999961298431041,34.934555215,15.426178078329775,13.529872500000002,75.53074750000002,1.0025351271959289,0.7351573691009,0.5383726244137753,-0.33951205,1.8081972500000003,1.0004584710541597,4.515437425812147,1.345750624827634,2.302560688494509,7.465099547429239,1.0004211718510594,0,6
3774,early,1.3070284189999999,0.5398958810565574,0.5646935000000001,2.52315525,1.0014712990311605,1.5439400235,0.5994104266597005,0.681651025,3.0516197499999986,1.0010040834268312,0.677764394,0.12836675972533135,0.5083096,0.9721150499999999,1.0001641775880346,4.979345123999999,2.8436062611436452,1.7125095,12.707829999999998,1.0028625528529558,-1.55982296478,0.6900100443003102,-2.928799,-0.24908917500000022,1.000533118811851,8.196043858215944,2.9895288001232005,3.6761104765571457,15.517543294889586,1.00120703664392,0,6
3774,full,1.2709265170000001,0.49712061914462474,0.561945575,2.4767532499999962,1.0056160067872106,1.4146034905000002,0.5502877095429661,0.6330446000000001,2.750000249999996,1.0077114887816006,0.6160236004999999,0.08223771094122408,0.5061989,0.8073979499999998,1.0049371996035308,10.035437955,5.704888597101949,3.73028875,25.864409999999957,1.001486175496012,-1.5536486822799997,0.630687499180277,-2.775135,-0.3264518000000007,0.9987578923795668,8.777924582165186,3.2511401222249416,4.034534584316643,16.40105235222225,1.0057873818466267,0,5
3800,early,2.0335578814999997,0.6586514156005859,1.05572475,3.5706097499999974,1.0036350113843113,3.89596105,0.7609821324140431,2.21822625,4.95205675,1.0014555708330215,0.82296732,0.18230670096807888,0.533331,1.2377727499999993,0.9983850317373036,3.8510869640000003,2.277140346462014,1.1544139999999998,9.727530999999974,0.9998148045302215,-2.9431007945000003,0.7831157055319978,-4.46776675,-1.3970432500000012,1.0020158875648393,2.358457390814166,0.7052492819033136,1.2732230264882254,3.9922581640365395,1.0014684584938598,0,5
3800,full,2.250109147,0.5899793710291296,1.30794075,3.5677907499999995,1.0005293571578895,3.7464518049999995,0.8038519108972862,2.0677172500000003,4.93258925,1.0005826217212908,0.6202940685000001,0.07892984144450713,0.51115115,0.8038154499999998,0.9992803760175498,14.335928215,6.65524608174163,5.53995525,30.54328,0.999322282450695,-2.91824104,0.6241297801307365,-4.1711515,-1.6895615000000006,0.999313234364691,3.0413284715721427,0.7533142056416623,1.7200404056483551,4.680344427814067,1.0012982057714102,0,5
3926,early,1.2574430585,0.5348711886599149,0.523779425,2.53487125,1.0008127904134005,0.9655315000000001,0.4154588417394842,0.41034285,2.02532925,0.9997078124171654,0.5368800719999999,0.036812863709470664,0.501169225,0.6336190749999999,0.999423081084836,41.23490591,18.547155592024755,15.13143,86.57520749999998,1.004462375933005,-0.1236506847805,0.5375993966394704,-1.1766105,0.9979590249999999,1.0034329716035544,10.253218919613587,3.9529235403209424,4.601102559615298,19.949394246578116,0.9997486562190547,0,5
3926,full,1.1678947364999999,0.4729367825093743,0.511290125,2.3339642499999997,1.0095099171018842,0.952319287,0.3820557452603872,0.42928895,1.9065902499999998,1.0085318770082248,0.522416021,0.023312704864442636,0.50049595,0.5871528499999998,1.0021511529388099,61.653251250000004,19.173507300004612,27.27615,96.8639125,1.0003226200688453,-0.121254600345,0.4917179475555895,-1.092004,0.8502303499999992,1.0009409590313885,11.062739430929168,4.061931196003826,5.257106349297079,20.622106595538465,1.0077878074184563,0,5
3928,early,2.3025130765000004,0.9396778466546918,0.941070775,4.515910749999997,1.002515418699006,1.685511726,0.6614617113269942,0.738217525,3.2534545,1.0013328041856284,0.5746647425,0.07356757501234353,0.502242725,0.7700893999999997,0.9993456085049515,13.73793863,8.345597088497154,4.008213,36.365889999999986,0.9995403485546306,-0.5797771912745,0.5959434242417642,-1.75086975,0.588339549999997,0.9991316003979066,6.678110905934573,2.3965210407337856,3.0782916518079464,12.350493543149305,1.0025552767102568,0,5
3928,full,2.0478462029999998,0.8021959907413091,0.8851191,3.949062499999999,1.0046482340129337,1.5665513935000002,0.5819283042027271,0.700795375,2.9296767499999996,1.0072613485900173,0.5345044155,0.03559833558155421,0.500850825,0.6261156999999998,1.0007120324399756,26.614288855,12.882303259213055,9.08116575,59.97903499999999,1.001140976214906,-0.602367950607,0.5586315291368248,-1.7060849999999999,0.5213866749999999,1.0011035762195948,6.763248358216282,2.4103381340268033,3.086922337917516,12.389383595865981,1.0069290627291336,0,5
3929,early,3.5483092349999996,0.7468563979780619,2.0753899999999996,4.866065,1.0094182121855686,3.8085517099999997,0.7537265403514003,2.28010625,4.92178675,1.0077574416570376,0.5840651179999999,0.07355547694948833,0.503704225,0.7671985749999999,1.0017451200215213,15.452174535,5.557194834726369,7.1212504999999995,29.392834999999994,1.002028382265112,0.7499740496859999,0.6118702067789639,-0.47234785,1.944345249999999,0.9985688868961383,1.9420012230870662,0.45489620798821595,1.103430302571626,2.8917171700236493,1.004863878035672,0,5
3929,full,3.58875107,0.7292550969209936,2.11184675,4.828349499999999,1.0045909245329,3.8053019750000003,0.7464337110895213,2.20362675,4.90115875,1.0056669475910887,0.545219651,0.04533827074220129,0.50125465,0.661388575,0.9994484958228476,22.734856545000003,7.58159172635626,11.7276525,40.891429999999964,0.9991290417743743,0.74143773935,0.5601991716892372,-0.40865552499999996,1.8057959999999997,1.0017460017474156,2.0307037949760183,0.442700508189472,1.1740919452162868,2.939772639789764,1.0045248186624254,0,5
3960,early,3.571591675,0.7778548037374448,2.0900082500000003,4.9121755,1.0004681932727106,3.70180638,0.7639724703640269,2.1635899999999997,4.930450250000001,1.0001020795784132,0.52986684975,0.027734662157180106,0.501052875,0.604137375,1.0002296465704823,60.152529200000004,17.936206449691188,28.905645,95.17644750000001,1.0021038913744387,-1.2434391946349999,0.5177617784084454,-2.2731505,-0.23562724999999962,1.0005487850164343,2.174724728170384,0.48697104314346873,1.2613545875537437,3.1205241984090617,0.9995003963814655,0,6
3960,full,3.44445755425,0.7768596168976588,1.94643175,4.806605,1.0026480785710352,3.62880674,0.7782264876662827,2.05899325,4.86233875,1.0011343649078162,0.51646552075,0.016043740189288308,0.5002928249999999,0.5579713749999999,0.9998786283118016,72.10312280000001,15.85404202334596,40.8320925,97.89307,1.0013082040413626,-1.2658627116,0.5055786631613335,-2.25137425,-0.24388284999999982,1.0008843089242032,2.3045443388157563,0.5197527937544801,1.2970195852369448,3.2692987510255294,1.0019844424853472,0,7
4104,early,3.3202970375,0.9635580416280319,1.5058495,4.922866,1.003218726185745,3.693472147,0.8502749501132933,1.92161525,4.93593525,0.9994815466741289,5.266008355,1.8039369075157792,2.3597615,9.188557999999992,1.0045013400502143,1.4257084935,1.2138800377117422,0.25744975,4.519816249999995,0.9993774243185799,0.056728738529999996,1.019114336220771,-1.87590375,2.01609725,1.0024242731860384,1.6697985822352361,0.6663194326751788,0.7274828046462255,3.214878651704898,1.003209155300124,0,5
4104,full,3.5699889684999997,0.8458625006697177,1.8903860000000001,4.9132575,1.0036178543685774,3.8140604899999997,0.7575028666314982,2.1558585,4.92246225,0.9992468449340592,2.1749229459999997,0.7362646565932037,1.075976,3.971271499999998,0.9996969411416533,4.270764771500001,3.005403473310817,0.92553165,11.9114375,1.0005230326619272,0.03430098814409999,0.9376613375335687,-1.789947,1.907963999999999,1.0014614431583457,1.2675607761394074,0.45022603243339554,0.6066238414224475,2.319909580906721,1.0024397325058683,0,5
4366,early,3.42320388,0.7291118383805137,1.959992,4.796806,1.0015491752366645,3.832848145,0.7435676343576118,2.19129675,4.938718000000001,1.0011564457391642,0.5423078685,0.04126780356237079,0.501073925,0.6539772750000001,0.9995104102686195,48.753399545,18.301419446924143,19.90316,90.49166500000001,1.0012298592053073,-0.1486741939625,0.536674596493073,-1.2187742499999998,0.9493028750000001,1.0014097224975558,1.985914856302975,0.44809453766520346,1.1345001418706693,2.893077320102771,1.0023406832291957,0,6
4366,full,3.616312215,0.7280141856488077,2.1608052499999997,4.8566294999999995,1.0010560037037672,3.7659579549999997,0.744880140255492,2.2364652499999997,4.9357365,1.0019164602055495,0.5296000265,0.02856152290339362,0.5008409,0.60377825,0.9996324692713164,61.68062655,17.80032945928613,30.1934775,95.4537575,0.9989536376132709,-0.12118755714299999,0.5034532923979874,-1.1134735,0.8631746999999994,1.0001695665941324,2.0874409729466006,0.44921031104434744,1.2212197883105458,2.987631700153922,1.002635026022664,0,6
4407,early,3.1251026835,0.8904634293184308,1.5362205,4.80158675,1.0018567120267285,2.893524711,0.8243250496058774,1.4629795,4.629285249999999,1.0004669339460919,0.6046667314999999,0.08723938772455184,0.5036792999999999,0.8249815749999998,0.9997330953351802,4.93552951,1.2289609405388133,3.022608,7.7102984999999915,1.0028030830410224,0.5977587468415,0.669114097780019,-0.7560875749999999,1.9256064999999984,0.9991272075550912,3.6990397361152203,1.0797854088999947,1.9053142501207927,6.167700090664021,1.0016809850395678,0,6
4407,full,2.3048662699999998,0.8371979946515922,1.005603,4.1296465,0.9998225855709398,2.0690080745,0.7382125053796917,0.9186474250000001,3.7325424999999983,0.9996842169122225,1.0408216419999998,0.1638460029114591,0.720943275,1.38395875,1.0036867180430746,2.6453165,0.7068542310651733,1.5469395,4.2843465,0.9989996358199975,0.600998517354,0.7908934843713775,-0.9104346499999999,2.1312664999999993,0.9988238583641749,5.665711321590015,1.9706848625885187,2.621865180214948,10.202388128288206,1.0015576999382698,0,6
4453,early,2.29358696,0.835049050593647,1.03168875,4.21145925,0.9996635046649406,3.585333755,0.8655715068324338,1.8049932499999999,4.91729625,0.9994116650351047,0.920740253,0.262552817607063,0.544063775,1.5703934999999996,1.0010455755861858,3.535552518,2.7661697164162504,0.76947435,9.771467499999993,1.0063925020176305,1.0662920968210001,0.7937105594532071,-0.5383160499999999,2.6431879999999994,1.0033429675854844,2.8665034970178693,0.9844526930918966,1.376366336854928,5.098722325893918,0.9993645754763637,0,5
4453,full,3.235085255,0.9114919891256884,1.6225097499999999,4.878798249999998,1.0045291188857506,2.8581241690000003,0.8472013576866444,1.4493297500000002,4.639327,1.0027976779043228,0.6290342290000001,0.09405873301588659,0.508437825,0.860089725,1.0000031498340871,12.367228415,6.6714494871849075,4.04977825,29.076217499999977,1.000596348083804,1.12095746677,0.6249525955356012,-0.166365975,2.3364857499999996,1.001642247788719,3.1276925361058283,0.9398284566748553,1.6105865895932217,5.2063910515021625,1.0084184724610286,0,5
4477,early,2.9284174495,1.0163566148213323,1.16807725,4.840220499999999,0.9993306903728019,2.2458383064999996,0.9469997769414273,0.85507205,4.51388575,1.0016484600374673,1.5665505599999998,0.5435381373864314,0.7947207000000001,2.8504875,1.0001899144628246,2.3440177985,1.8959303473338356,0.479694075,7.093003499999997,0.9999421774284709,-3.26867611564,0.9257377845185591,-5.101072,-1.448917750000002,1.0001347506670424,4.294339683429175,1.7071414355467036,1.885702771498219,8.319694541466884,1.0006720144469865,0,5
4477,full,2.934084852,0.9933957513681309,1.1883395,4.777020499999998,1.0005210137701237,2.4126658515,0.899161036623138,1.0154905,4.5036337500000005,1.0022848037163712,0.960713868,0.25236048078969847,0.5805258,1.5655944999999998,1.0036765659945814,6.8023908655,4.831566308657346,1.6430079999999998,19.259732499999988,1.0014367035941043,-3.2427014854999996,0.7347347526887938,-4.620475750000001,-1.724426,1.0012788427121408,4.128953752416334,1.45343493896387,1.8350126591184162,7.610588868510888,1.002033055590755,0,5
4488,early,3.364611925,0.9489450291533466,1.5254987500000001,4.88398725,0.9998395833516501,2.3195923865,0.943786724228585,0.908732425,4.5241865,1.002020908180121,1.3774731555,0.546658122866176,0.6539390749999999,2.706672499999997,1.0018967746601417,1.7980395640000002,1.3272837636016313,0.352897025,5.210402749999991,0.9994770186983001,1.0973254715469998,0.8923777956233453,-0.698892525,2.7813637499999997,1.0041773253604693,3.107637380271315,1.2573835535361755,1.3091133142891844,6.223839510499965,1.0010399668958117,0,5
4488,full,2.3321479715,0.8813810512466029,0.984500675,4.3727865,0.9997283027319276,2.7671729265,0.9419466472968403,1.209152,4.6362404999999995,0.9993640674611188,1.1875320565,0.29926695338012516,0.717541625,1.9051032499999998,0.9994860583465841,1.6772465149999998,0.7631719739020207,0.6460079249999999,3.5330472499999988,1.0000872227546092,1.0943400835025,0.8385562156209939,-0.6293565,2.723768499999999,0.9985204957886709,4.273054933836448,1.4898078183814725,1.9995524626018706,7.706506899582106,0.9983244069054635,0,4
4493,early,3.243766995,0.8508442713001729,1.7414479999999999,4.840389499999999,1.0017937648952278,3.906748105,0.7541452455569531,2.242381,4.962731000000001,1.000189807795106,1.1929342375,0.36518549374170894,0.6367677500000001,1.9927684999999973,1.002678063449585,4.128700132,2.8276823801707227,1.00806625,11.209074999999999,0.9989498585680907,-0.4185918145625,0.8258547690043505,-2.07968475,1.1744934999999985,1.0019120488967208,1.577559475401263,0.49081051630890643,0.8033990632232824,2.6971558423318083,1.0041349347359878,0,5
4493,full,3.653488265,0.7252610309854466,2.1853395,4.872978999999999,1.0033690131545923,3.95464195,0.6898905641342968,2.4273405,4.9304235,1.0030298158328335,0.7027986635,0.13669785990932398,0.515265275,1.0401737500000001,1.0002484859501743,22.422788345,13.211852432523,6.446466750000001,59.260129999999975,1.0018343614040188,-0.417923339485,0.6558393168875049,-1.6771479999999999,0.8208949499999993,1.0001144057560445,1.4152684158748166,0.36221794705658883,0.8004123896271523,2.204948010495952,1.004140589392222,0,5
4657,early,3.24254099,0.842067424260742,1.7185085,4.836240749999999,1.0042312676709015,3.1314220349999995,0.8119117556160044,1.7008625,4.685520749999999,1.002733634159771,0.511196414,0.011109619298656661,0.50032595,0.54266255,0.9990037997077206,77.2696429,14.870119687684515,45.839580000000005,98.85111,1.0021138759193642,0.011828421882500002,0.49839185499658917,-0.9747581,0.9772731249999991,1.0010561608970787,3.279288999236207,0.8672499807441857,1.7586885001503911,5.027299695876065,1.0055336012409748,0,5
4657,full,3.05260163475,0.8397868558771118,1.5598905,4.7156857500000005,1.001487901381955,2.965454627,0.807635447693382,1.5576150000000002,4.54941,1.0027977149165086,0.5069673805,0.006996593070764457,0.500140975,0.52600755,0.9997128571683405,88.28086455,9.316853383388363,65.4999775,99.58061000000001,1.0010490933575829,0.0031489321127500026,0.483647797919919,-0.9551615,0.9664984500000001,1.0017542016415117,3.6217825358671614,0.9883783684150218,1.8885407200455955,5.583160425116243,1.0018151297233922,0,7
4699,early,3.799302995,0.7440002891748269,2.2423562500000003,4.9365505,1.0006288024079038,3.5895267000000004,0.7975758477222996,2.01670275,4.9052615,0.9997648282739359,0.8326195875000001,0.24192369274922837,0.5201071,1.4559739999999994,1.0035301279684612,4.937849118,3.481448766350947,1.16141575,14.488,1.0005112511799368,0.10874001512150001,0.7432190311183041,-1.3569764999999998,1.5689799999999978,0.9998896027720173,1.4905422780318753,0.4863380561947774,0.7881538045869463,2.6486685949495183,1.0040698057299127,0,5
4699,full,4.029990395,0.6804136188003634,2.4703209999999998,4.965245749999999,1.0011684137238668,3.5401623575,0.7008115283898719,2.150473,4.819126750000001,1.0012592698096232,0.54900430775,0.049084602768151915,0.501245725,0.6797270750000001,1.0000947071284014,18.214886179999997,10.116011557338464,5.87389425,42.6808025,1.0005577694860384,0.10517479620625,0.5878213582032868,-1.07029325,1.2625450000000003,1.000639225703304,1.440474641416822,0.3190491855979719,0.8605904254669636,2.124395254002545,1.0005045461656554,0,6
4986,early,3.8438870875,0.6774935207584348,2.37337275,4.9406402499999995,1.0017374055303392,3.98709885,0.6794518692775403,2.45474375,4.95399175,1.002458181287679,0.52732846675,0.026159360257681515,0.500824925,0.601028125,1.0017444204899657,51.046018575000005,17.750049789335055,23.204169999999998,91.39761250000001,1.0031570167226225,-0.184466971488575,0.5220949820722082,-1.2057705,0.8693627500000001,1.0004934613841825,1.5729616884061823,0.3135909508171884,0.9602329906605978,2.1822406855091514,1.0027918945424854,0,6
4986,full,3.858304225,0.6742032491557663,2.411916,4.9052982499999995,1.0016402980407597,3.8498483575,0.6826368804931943,2.3873957499999996,4.9245915,1.0008924801017132,0.513985731,0.01394976231983305,0.50037995,0.550175375,1.0002526403924858,76.02504797499999,15.032608116086307,43.613885,98.573725,1.001722131057797,-0.18228168822225002,0.5087518929878103,-1.203004,0.7730447000000011,1.000101581924773,1.7511189619547423,0.33633695646781764,1.0923820567044105,2.4006370229403524,1.0009690588605744,0,6
5056,early,3.786037315,0.7729941735810422,2.1156515,4.9252855,1.0022969977235765,3.1306726449999998,0.7141469381253149,1.83209375,4.604029250000001,1.0007557730664938,0.5488463117500001,0.046707557743882966,0.50132345,0.6760608,1.0008401948753545,40.902839795000006,18.9162450471862,14.576419999999999,87.77641500000003,1.0015970810684067,-0.9636740353675,0.5445381895692494,-2.035361,0.12382595000000036,1.000151030988556,2.3116897634617333,0.5568579627456773,1.2896747396701955,3.502373215390921,1.0024030329917355,0,6
5056,full,3.867033945,0.7588809559971014,2.1911579999999997,4.935034,1.0039649351564317,3.2094741799999995,0.6741576651974669,1.9817845,4.5782285,1.0036914785108177,0.5303258654999999,0.031406161239561144,0.500728475,0.6117551750000001,1.0006037981814766,48.883048985,20.032605298450516,18.461845,93.80543749999998,1.0054269975024857,-0.95526941371,0.5534310557444059,-2.0228859999999997,0.12250924999999986,1.0004385955424075,2.396441061601037,0.5285972596656344,1.4078689348631341,3.423082117160944,1.0048088432265878,0,5
5144,early,4.392048474999999,0.4865456608499837,3.2155735,4.974529,1.000768355530218,3.64716119,0.6482043734718479,2.3430579999999996,4.81134725,1.0009224825923795,0.79345789025,0.19629516058470836,0.5204253000000001,1.250036,0.9996173107555697,7.0861168225,3.780682257231969,2.26296675,16.4752575,1.0014227610464046,0.1990231463285,0.7361647399176243,-1.25821125,1.6380470000000007,1.0006980873106286,0.7475908656877644,0.1804666907856094,0.46412297706724803,1.1536757637104729,0.9996376083288366,0,6
5144,full,4.395295765000001,0.4635194645348954,3.2638285,4.9672719999999995,1.003724508247198,4.1755204599999995,0.48267856415127236,3.0849325,4.9247464999999995,1.003811546331698,0.5498306115,0.047242170727138204,0.50129745,0.6734418,0.9991395635432735,26.496956185000002,11.392278926130192,10.641115,54.390699999999995,1.002642832765473,0.21268579867,0.552597509700919,-0.8506249499999999,1.2847297500000001,1.0001786900690626,0.7297902487685859,0.12384263773380325,0.5124202989540123,0.9890568358550323,1.0019743657396893,0,6
5174,early,2.8091358025,0.895550144101187,1.3370185,4.6745529999999995,1.0041596436963292,2.2941297062499997,0.7653580555081742,1.08830975,4.114092250000001,1.0039674001352692,0.68367157825,0.07952490845716616,0.541234725,0.8545367,1.0016770538817836,34.3279574575,15.43963288804625,12.650715000000002,71.84001,1.0038364519523424,-0.90165289562675,0.6078010190710804,-2.11458675,0.2670266500000002,1.0007387505647276,4.5526789294219405,1.4125390972202916,2.3147047807630527,7.593451960238528,1.0036286046314467,0,6
5174,full,2.538321003,0.8397517757202333,1.208921,4.4337105,1.004956238067785,2.2803129600000003,0.7464321795525621,1.1010535000000001,3.9991295000000004,1.0041696983295467,0.61447981075,0.05634332356330228,0.5185213249999999,0.74065815,1.001377841177582,55.10284345,18.14814291101797,25.8871125,93.6580525,1.004624811131167,-0.8703970992354999,0.557003703672645,-1.966148,0.22411480000000014,1.001135063146263,4.859965723999101,1.5664513298429905,2.407751811631085,8.470741213581608,1.0052925160264141,0,6
5229,early,3.436216591,0.8482858028109195,1.7699287499999998,4.88494275,0.9997089312849938,3.3511310300000003,0.8318357372647165,1.720931,4.793011249999999,0.999411642254053,1.4805942260000002,0.2448881823565561,1.08685,2.0349287499999997,0.9992537452838177,4.359946685,1.6863812630463604,1.99069375,8.379518249999999,1.00338354956718,0.1654898320065,0.8836502437527889,-1.60515225,1.8485717499999998,1.000031096071813,2.494095829152363,0.6651712618805882,1.2788263599475864,3.939003435425288,1.000732449766363,0,5
5229,full,2.7395571824999996,0.8944087785011293,1.2652325,4.618647249999999,1.0020891656390678,2.521346174,0.8670144111133838,1.16684925,4.483260999999999,1.0064346165581324,3.011567145,0.38840473218086463,2.2992382499999997,3.8187659999999997,0.9997492634159073,2.328384655,1.3379666560000059,0.8591772750000001,5.5518009999999975,1.0013700982891849,0.160615485895,0.9420616114537704,-1.65009825,1.9770989999999988,0.9988400116543632,4.357273761026221,1.4267839377883205,2.0558626349501306,7.5221612764888315,1.002962793490907,0,5
5261,early,2.9567497665,0.921519195974655,1.391635,4.751052499999999,1.0054745770965723,2.2507384839999998,0.7710396413349769,1.0436265,4.0720604999999965,1.0054795089535733,1.76987707,0.17874557118044465,1.4505035,2.157238,1.0007091675780655,11.890061845,6.205445128880202,4.05295075,27.432344999999945,1.002560210520059,1.65718545804,0.8636904552763862,-0.07992228749999997,3.3045722499999988,1.0003488260884081,3.8980735633581043,1.2471531627207462,1.891332968670831,6.619628695321606,1.0078692217469378,0,5
5261,full,2.8613737585,0.8918054541651512,1.34647125,4.6290457499999995,1.0007083474890477,2.3624374234999994,0.7889409293486832,1.1136835,4.153441499999998,1.002713288153124,1.5902534149999998,0.140386705544131,1.3396965,1.90610025,0.9998840677455253,14.41235097,7.623157830934227,5.0074320000000005,34.784579999999984,0.9994549030846966,1.6636594412235,0.8396722723621866,-0.004718094249999979,3.2926502499999986,1.002054772481058,4.4191172795112275,1.3946563676846992,2.1621897906461713,7.403334465391443,1.0002748054190171,0,5
5357,early,3.186366145,0.6684290743979043,1.9834397499999998,4.6115755,1.0075204819760564,3.95069674,0.7062165364104144,2.38842,4.937396249999999,1.0047659595808138,0.5594461525000001,0.058755225267412226,0.501292325,0.7030074000000001,1.0008494589399355,29.887816235,14.333778853839302,10.57965,67.728,1.0005452970493676,0.7263081115785,0.5550100978317656,-0.32906572500000003,1.8244192499999967,1.0053068642641767,2.244219045699607,0.4998665260265472,1.334538265977893,3.3284176325538346,1.0073687646128997,0,5
5357,full,3.1610258699999996,0.6877006269988638,1.88626275,4.53271825,1.0086728587075484,3.749397505,0.7951845140768518,2.1039485,4.919541,1.0064044253653446,0.5347946695,0.03320819714382341,0.50060395,0.6230122499999999,1.0020264084417951,36.791381015,15.011142423151794,15.7438225,75.71449249999999,1.0025417856161072,0.7490258722375,0.5526989250280013,-0.32460305,1.821302999999999,1.0068425386935085,2.4212698873612535,0.5436606645686995,1.4085169034526037,3.490106528438743,1.0066749118785752,0,5
5390,early,2.8146045605,0.876840537616069,1.359048,4.694845749999999,0.9993967014725166,3.2960532225000003,0.8960321924134471,1.61941575,4.88689725,1.0017617896196012,0.738066947,0.16912982584416691,0.5102843,1.1302764999999992,1.0023561564698371,9.702916410000002,5.384618808329929,3.1493325,23.002894999999985,1.0024674314283426,0.0426671164225,0.6997214303299167,-1.3163529999999999,1.5179322499999992,1.003005221126225,3.0978639966570998,0.97386691917904,1.5528115825598423,5.287988183689033,1.0032030691834068,0,5
5390,full,2.8274473895,0.8105972969978718,1.4610907499999999,4.600824749999999,1.0043402715355934,3.285118535,0.8816909889277433,1.621651,4.86866575,1.0030960027836755,0.6326359585,0.10394362900449017,0.506138,0.880277675,1.0001875658099195,14.72520351,6.672273078963661,6.03439275,31.445614999999997,1.00284974120095,0.0664558013548,0.637663723001917,-1.18980975,1.3892342499999992,0.999484915740491,3.1148005684680373,0.9364644463124564,1.557020649316599,5.1429289926454524,1.0013354027912484,0,5
5497,early,4.150988525,0.6407483123608451,2.63082925,4.97284225,1.0031681584889203,2.83453252,0.6274423680840999,1.7973425,4.278338499999999,1.0050288391001132,0.5525000445,0.054056718405133375,0.5016479,0.6958138249999998,1.0020626454903503,17.38923355,9.340921208364458,5.584169999999999,42.09161249999996,1.0044487503097748,-0.5192024072999499,0.5867285030728923,-1.6693559999999998,0.609649074999998,0.9987315037292963,2.005739681591132,0.42588582175058015,1.2300213168959615,2.9153533163332903,1.0027443987150928,0,5
5497,full,3.91027196,0.7661083818283887,2.2181625,4.965791,1.0012684501562084,2.995984105,0.6369408000845174,1.768657,4.30643775,1.0005001852969935,0.5159568320000001,0.01733978609708673,0.5004138,0.563927475,0.9994596529866664,63.00219505,18.671323662402557,29.188755,97.11798999999999,1.0005569711891584,-0.5506448124469999,0.5203634982995,-1.58227025,0.4638638749999988,1.0003864941224152,2.672671164126094,0.558309165542146,1.5903950962723616,3.7485478647408876,1.001622310733905,0,5
6322,early,3.704638715,0.7267181225560048,2.2114427500000002,4.90725325,1.0018249414679659,3.9503600000000003,0.6990683905099021,2.3852427499999997,4.953582,1.001515821459261,0.6219770015,0.10532063200848556,0.5055601750000001,0.883832875,1.00277953605661,25.245128434999998,13.51487887547883,8.49583175,59.52186249999997,1.0004841326688816,-0.071210409431,0.604484541419152,-1.2385772499999999,1.0837664999999999,0.9996607664138962,1.473724311558337,0.3653153544635082,0.8228296965747347,2.3190085709699604,1.0049421047758518,0,5
6322,full,3.9146138925,0.6779006353092698,2.478523,4.947469000000001,1.0023868934147329,3.927643905,0.6691767114215259,2.494405,4.9403334999999995,1.0037115394441267,0.5507676535,0.047134093393343644,0.50179295,0.674667875,1.0007868447395818,38.57492479,16.746224650171005,15.847367499999999,81.17979500000003,1.0023576444945679,-0.055694009340999995,0.5425041296640886,-1.1305627500000002,1.0371320000000006,1.001456671220455,1.4966591606042043,0.30713680063542326,0.9272544543500298,2.150945555664469,1.0029847079407044,0,6
6927,early,3.1852739375000003,0.8445588063863138,1.622377,4.7425999999999995,1.004784958128827,3.253512998,0.8869493779184892,1.55237675,4.8916165,1.0040871109220635,0.6418229870000001,0.11763172387043044,0.504914175,0.936697975,1.0054072708140682,17.969603595,10.633848408045347,5.22089975,46.82329499999999,1.0026787547267693,-0.0405887169545,0.6179923546919646,-1.25644725,1.1455019999999991,1.0033237230770287,2.764124953344791,0.8233861695379961,1.429803027607803,4.682184387211001,0.9986177639250022,0,5
6927,full,3.246400538,0.8447362844372206,1.7637867500000002,4.82575475,1.0067780346433453,3.490263325,0.8528053369101447,1.79156725,4.881443999999999,1.005269308718448,0.556286251,0.05419096484722833,0.5014293249999999,0.6994199999999999,1.0013955270670327,34.974610675,17.568716084261563,12.0971025,80.31035,1.0045298260503048,-0.10658652302100001,0.5584676818276422,-1.1616562499999998,1.0130392499999996,0.9995818746377845,2.7932401557699333,0.736084037444445,1.4853998937556272,4.3166808821911795,1.004928535620137,0,5
7115,early,3.431331625,0.9242144907582526,1.62952475,4.935608,1.0024800398125966,1.697380026,0.6016114991854397,0.7948086249999999,3.1199509999999986,1.0028312025349915,1.6990614305,0.5668511491238469,0.7588398749999999,2.7841904999999993,1.0022662710414454,1.5432449555,1.6212309138858607,0.340601725,6.308690999999988,1.0006265497617137,0.12151287661599999,0.9268759937197475,-1.7141970000000002,1.9295082499999971,0.9989565418111916,3.9019025863681343,1.3606189746073156,1.8425140208843227,7.095271812325325,1.0066626497644369,0,5
7115,full,2.9442954447500003,0.942187225553117,1.31222025,4.78526975,1.0017081148894584,1.6349694975,0.5838830508527116,0.73319595,2.9496284999999998,1.0023802180416936,1.9319394045000002,0.30248024396161094,1.1207627500000001,2.4593492500000003,1.0022823440251416,10.064324109000001,7.2049497442861075,1.094122,27.265437500000008,1.000123387119133,0.0751106911288,0.9107659879460427,-1.7478877499999999,1.8213495000000004,0.9999084074496849,5.046559034148682,1.7381205726299758,2.3208474999088256,8.91700387709019,1.0015734920919768,0,7
7162,early,0.882336896,0.2752207533355079,0.462462825,1.5441237499999998,1.002183121308919,3.045697123,0.9041838773523635,1.400673,4.786862,1.003427917101086,0.7497024174999999,0.11597834747289454,0.54836325,1.0047742499999999,1.000251279152581,5.46577133,2.3888835439215197,2.3086325,11.347797499999986,0.9989701535481584,-1.3588156173880002,0.6767264773573012,-2.7166895,0.004960620499999996,0.9999142248116223,7.046992878000331,2.1094783830500354,3.7332942829153795,12.06665997536848,1.0037262058929675,0,5
7162,full,1.073429302,0.320697123260452,0.5698232,1.8261542499999999,1.0069016935599526,3.0814209495,0.9023410926282276,1.44950375,4.764399999999998,1.0046584211737086,0.6587042755,0.11722077132247218,0.50694115,0.9218457749999995,1.0002056035109637,4.02328175,1.5399506219796155,2.0219545,8.019901999999998,1.0003864758393406,-1.352143184245,0.6993103757898689,-2.717399,0.022664399999999137,1.0007754376309717,7.39846761291791,2.1289754075753167,4.028248864120978,12.059961739081414,1.005670849486045,0,5
7634,early,1.8744016154999998,0.7141342937461151,0.80533275,3.6257515,1.0019099963626892,1.546756177,0.5900229426978341,0.68042945,3.02008525,1.0032628174318186,1.1191411245,0.1685285495032929,0.78529735,1.4571422499999998,1.0012899576111702,7.92393997,3.110910448959343,3.3396455,15.0455475,1.0000731816393698,-1.3280468178245,0.8041773104005607,-2.838054,0.2566483999999998,0.9995374104584254,7.006599733616367,2.578195520233341,3.298133394049989,13.140141119576862,1.001017036696191,0,5
7634,full,1.8352231835000001,0.7035862273048893,0.81719885,3.5776214999999993,1.0015738226811772,1.5563640195000001,0.6019128169645694,0.683197525,3.0427729999999995,1.0028323700110897,0.9589471264999999,0.1208594867927189,0.7349942,1.2051337500000001,1.0036908450777642,12.060757905000001,4.364569983033227,5.777426999999999,22.188484999999993,1.0041598353371959,-1.34246203591,0.7709566530055676,-2.8594995,0.09410929249999925,1.0026113638998086,7.074372578565076,2.592313923872565,3.2904672725140416,13.32191268803442,1.0010619257247522,0,6
7878,early,1.314865106,0.9117249188733212,0.256136275,3.799316999999995,1.001331274633081,3.5338000640000002,0.9325744089927286,1.6321860000000001,4.929579250000001,0.9996720433706957,3.4557103099999997,1.3180903851692576,1.69537375,6.939681249999992,1.0013108501718195,1.3166489076999999,1.0799181051923705,0.24639185,4.137660499999999,1.00150547150547,-0.551143139096,0.955805694201689,-2.4563585,1.2498524999999987,1.000228273480208,4.24339445264519,1.7012817751135152,1.7586118085466889,8.428488881625336,0.9992082752768934,0,5
7878,full,3.3842897375,0.89527288815024,1.6030594999999999,4.88979275,1.0011180992600806,3.0080267755,0.9100344127407674,1.38972125,4.78567775,0.9997524471234079,2.0726554084999997,0.565772690979225,1.19208775,3.4443365,0.9990028620925854,1.700364191,1.28134800185292,0.376280475,5.0210737499999984,1.0013551753095706,-0.5471915792800001,0.8819142550186525,-2.304212,1.1370827499999996,0.9994343366591876,2.531575216853183,0.8710606661811878,1.2342917776309072,4.538441858963659,1.0000671797620369,0,5
8076,early,3.1448807100000002,0.7681909763762452,1.80705325,4.713641249999999,0.9999012277028448,3.68606297,0.8036648911125722,2.07890675,4.917860999999999,0.9999870579049632,0.6326270184999999,0.1012082265284432,0.506164525,0.8772310999999996,1.0000528027449298,24.276975375000003,12.744555767199175,8.26921175,58.08299749999989,1.0058241899478604,-0.98381825226,0.6076498310301883,-2.249653,0.1687115499999997,0.9999316349169863,2.4454488661181375,0.6387476438346418,1.3769486563605846,3.822662017344055,0.9992584253146903,0,5
8076,full,3.2006440054999996,0.770602828723328,1.775318,4.746483249999998,1.0043223220532336,3.6692623299999996,0.817740609133718,1.983097,4.945290249999999,1.0023052573700655,0.575380092,0.060501547523223634,0.5037686499999999,0.72492295,1.0010495059168105,37.35892938,17.17010712154671,14.3864275,81.47158249999993,1.00712794914296,-0.991092775273,0.5724379676586746,-2.0953675,0.15539379999999828,1.0029029372372327,2.551907883206961,0.6400775862946163,1.3874295632080271,3.897175065248094,1.001892207642605,0,5
8078,early,1.8450962324999998,0.7330674128765848,0.815913325,3.6743497499999993,1.004648143746649,1.658441192,0.6471816516011178,0.712613375,3.249612499999999,1.0052272420097446,2.3545439900000003,0.32814848849953915,1.76286075,3.074564,1.0006501710597584,2.76696965,1.363181851966424,1.0488217499999999,6.131651249999994,0.9999086128214894,1.6940849422050002,0.9684747469613258,-0.193898575,3.6141849999999964,0.9995142442405691,6.8323528022009885,2.4765760715325307,3.2622090959714902,12.866076742698509,1.0030319117942303,0,6
8078,full,1.88467607,0.7596000996676222,0.8233727,3.8128457499999984,1.0094770356043072,1.688828689,0.6948449072297456,0.713094725,3.5233104999999996,1.0084322914591846,2.136824575,0.3326779578693867,1.5665850000000001,2.8629759999999997,1.000987393435104,1.5447575335,0.5851441665791001,0.76019515,3.006338249999997,0.9998465069863289,1.6505418918589998,0.937724803621295,-0.21742562499999996,3.5222237499999998,0.9992886979630472,6.80897763435749,2.6017539986326974,2.998603818351687,13.310603970855201,1.0074543201464758,0,5
8219,early,0.9304834845000001,0.4364111752719881,0.34228975,1.9863214999999999,1.0013815893610776,0.5782942600000001,0.2536074660044357,0.22745315000000002,1.1859422499999999,0.999543518638742,2.068934187,0.533840790537736,1.110216,3.170116249999998,1.0050460911397634,0.6140094065,0.28339146833659484,0.23597137499999998,1.3283894999999997,1.004548402641669,-0.0770052338705,1.001686200456896,-2.00291375,1.9279647499999966,0.9984123924960236,15.716777973156251,6.300015391967589,6.8062772299060885,30.333210514085227,1.0018729451021915,0,5
8219,full,0.847375434,0.368595477416629,0.33266680000000004,1.7426949999999966,1.0056209931465,0.5845161395,0.24737124645980296,0.2418711,1.1300519999999992,1.003855970852691,1.8437633295,0.40879962210351534,1.0887967500000002,2.7017234999999995,1.0022671462324382,0.8064433095,0.3221647370767471,0.355237025,1.5398884999999987,1.0012347538795172,-0.0168787024935,0.9106653944209402,-1.84510825,1.855815749999998,1.0003958650412053,15.817330740766604,6.0392983750448215,6.8590281928621435,30.95869470331144,1.0070033118549295,0,5
8396,early,0.9754777735,0.4120016785726807,0.435933175,1.9873132499999993,1.0043064155823707,0.7251382009999999,0.29856043793186604,0.322302125,1.43226175,1.0049695961445921,1.2789563865,0.30817006499600824,0.780042875,1.9386702499999997,1.0040772849060768,0.5551980275000001,0.19443687118753566,0.3055672,1.0804489999999995,1.0024909505308628,6.656268745,0.9399963365825259,4.86618425,8.444733249999997,0.999976611961769,13.254819571540619,5.238495613155835,6.131983831697355,26.497987303457563,1.00711642335824,0,6
8396,full,0.7235758889999999,0.29347293197223634,0.31331565,1.4159119999999974,1.002522512345349,0.6447923889999999,0.2620690477559579,0.28183542500000003,1.2830857499999992,1.001912136816076,1.4987292694999998,0.28316799326665293,0.97186225,2.06315525,1.0011826795863332,1.5511953019999998,0.70288702243173,0.6981562,3.343675499999998,1.002491601656545,6.729973205,0.9014544598593865,4.9796775,8.41498875,1.0052132733586367,16.29698216255195,6.664720693609214,7.298627284870176,32.07917878505753,1.0015557793027443,0,6
9120,early,3.761031855,0.6117908650397581,2.48785225,4.84843275,1.0028839192868406,4.073259709999999,0.6490469742163126,2.60517875,4.954078,1.0026912061019477,0.51304839525,0.012995356318796749,0.5004228,0.5468373750000001,0.9996657957566586,72.094533175,17.794782023662563,36.670895,99.0887625,1.0004052067633276,-0.2034754682395,0.48743662303768087,-1.1351687499999998,0.7603209000000003,1.0007649710828357,1.464452640185918,0.2661597966945924,0.9413925940590847,1.976144782851629,1.0034758368176282,0,7
9120,full,3.6840128025000003,0.6072316969325308,2.4020265,4.76778425,1.001796972990371,4.0690864475,0.6678597797454606,2.543804,4.96214525,1.0004806672817426,0.50829065475,0.008227465289463382,0.5002969,0.5310042,0.9998909166510748,85.722671875,11.28364520012558,57.662865,99.4415725,1.0003888207506249,-0.19302030156775,0.502068898916776,-1.18968075,0.8028460000000001,0.9995773216562043,1.7152656300487168,0.3054938321346031,1.0916184217591938,2.2831679382210854,1.0018374869375883,0,7
9949,early,3.170403827,0.9156257624611533,1.539374,4.80575525,1.001196829818681,2.3774347595,0.76488873642144,1.15909925,4.127139749999999,1.000139435489301,1.580553282,0.28180754708598876,1.11161975,2.2002185,1.0030403390212397,3.0602975804999994,2.0397421883154325,0.9282086749999999,8.767017749999994,1.0074775572000652,8.38420117,0.9087776500898239,6.605146749999999,10.189279999999998,0.9993426375468412,3.788452031425772,1.15348114967501,1.894998307585272,6.388020961334871,1.0017063554689352,0,5
9949,full,3.2152789084999998,0.8786254527499765,1.60230025,4.82516175,1.003076203054344,2.1477909245,0.6794803074618875,1.0832225,3.714605249999999,1.0013197946855672,1.312149786,0.1962171868422472,0.956238125,1.7407674999999998,1.0018448280414403,5.504080725,3.578610090206418,1.83696325,15.056417499999997,1.0007580899481396,8.361382130000003,0.8526667641476382,6.705515,10.07504,1.0031396872641944,3.74164004711732,1.109466822804298,1.9316709157135599,6.302173545958731,1.0027121524557066,0,5
10200,early,2.9078530635,0.9193285659905279,1.282509,4.722973,1.0017540925647108,1.7143268635,0.6009832720766343,0.815043225,3.1151414999999982,1.0016350672574768,1.6299865100000002,0.21552634159907566,1.26402125,2.0887434999999996,1.0001572726792045,10.142694905,6.324249105800925,3.025323,26.267592499999992,0.9988530757295296,-7.542204595,0.8636220648047065,-9.252805,-5.877575750000002,1.0014934042126136,5.062583837519688,1.6380484661430366,2.4323974756057303,8.707564615071437,1.0023061266753939,0,5
10200,full,2.7226775014999998,0.8878050658903266,1.22647775,4.631716999999999,1.0031553590258948,1.917273813,0.6469260615756881,0.9367812,3.4735399999999994,1.0003871353115763,1.3057406959999998,0.14282780815440554,1.06113975,1.6207475,0.9996308469692743,18.693246375,9.591053532693497,6.51477025,42.649079999999934,0.9989405914044472,-7.544971824999999,0.8408554873783286,-9.2343945,-5.904247750000003,0.9998436265478706,5.023685719749373,1.6241968224478942,2.4378741655980227,8.669061169705973,1.0013371243363873,0,5
10684,early,3.4896008500000004,0.8503689838189056,1.879273,4.898226999999999,1.0021926326017285,1.699130264,0.4822321494388398,0.9091365499999999,2.795612749999999,1.0033885562407043,1.078513178,0.1511436813805822,0.826873375,1.4167177499999997,1.0010238697597356,3.54047161,1.1505983001263451,1.71725575,6.256564499999999,0.9992553000142528,-7.17181829,0.8159782255638156,-8.80480875,-5.5387585,1.001304200961565,3.7679686902310214,1.0007683566098404,2.1151793565385857,5.977186665568448,1.0024833602546834,0,5
10684,full,3.99349625,0.7086403958831843,2.400818,4.949935249999999,1.0008323875124878,1.601534078,0.3946169682857751,0.948255375,2.477271499999998,0.9998775393612087,0.8866704225,0.11141787348320177,0.689703,1.128647,0.9999800263386209,4.317868945,1.2345874704554716,2.3316227499999997,7.169669749999997,1.0002189345604426,-7.185171840000001,0.7669191686464312,-8.68732625,-5.640395750000001,0.9991460483422359,3.6328459167753646,0.7901311580898439,2.2750268914064766,5.376093540996607,0.9994722086271393,0,5
13333,early,2.7641916474999997,0.8963942009556755,1.30300225,4.715494749999999,1.005534857578208,2.6022394570000005,0.8685897142900665,1.209084,4.580131999999998,1.0045851349032442,0.5800663500000001,0.0801541233325342,0.502442175,0.7819105749999998,1.0005165824748226,26.446141265,13.802145168603914,8.57691975,60.517197499999966,1.0057734676646857,-0.0826168871265,0.602429884717111,-1.29969275,1.097817499999999,1.0031022025123397,4.296304944848636,1.359939310271113,2.1036443929550503,7.432756336986276,1.0049354682672709,0,5
13333,full,2.605868856,0.8765944699848027,1.18476075,4.49219775,1.0012170419762307,2.5435414115,0.8479974305164529,1.1613357499999999,4.376823749999998,1.0022935171406364,0.5431004600000001,0.041893447367226236,0.5016034500000001,0.6520374499999998,0.9993771679483548,45.13424740000001,19.337678073488817,16.6461675,89.69824499999994,1.001287779603647,-0.10566688522499999,0.5261624187625704,-1.11551325,0.9417233499999996,1.0001432937320651,4.3113769626905,1.4339411201083985,2.034251537296709,7.477547085749342,1.0029065313160483,0,6
14242,early,2.7029494210000005,0.8429951464584899,1.27902175,4.56096725,1.005345721935362,2.80701237425,0.8527337606526971,1.35833525,4.573578,1.005061292096172,0.51023839575,0.010293802383060756,0.500276,0.538185125,1.0004885280415265,83.16199689999999,12.079560698306102,55.13445,99.456525,0.9997691544682106,0.049681955785999994,0.5114974383137928,-0.978133375,1.03719925,1.0006150261404527,4.1492711542649445,1.2448978503101849,2.016936347284926,6.815843293558217,1.0046544463274085,0,7
14242,full,2.5967039035,0.8240506330714533,1.25122225,4.367233,1.0068036003166425,2.585946812,0.8104054044918461,1.26322625,4.27894725,1.0064614624381834,0.5097896245,0.010015702870817305,0.500285975,0.537236325,0.9990170696095179,83.58232405,11.414095536682128,58.014745000000005,99.278775,1.0012163675258148,0.06834271123,0.49311356077818863,-0.91213545,1.0127117499999998,0.9988067368119332,4.628829696702514,1.439871294431604,2.307428904464259,7.6668076854043425,1.0067803902763037,0,6
14420,early,2.4077943399999997,0.5431032884722197,1.48744275,3.5710159999999993,1.0037613431740553,4.263848535,0.5980465502905782,2.72710075,4.980939,1.0017608403387013,1.5799039120000002,0.24375941286751168,1.13657825,2.0937384999999997,1.0020402408498001,2.4548670515,0.8998862776375591,1.1556172500000002,4.490861499999991,0.9985776925451834,-3.4195232164999996,0.9046689133630073,-5.1639905,-1.6252840000000002,0.9998188686688517,1.742747348266549,0.376594257619433,1.1061678813685885,2.6052432589007224,1.0004599895541495,0,5
14420,full,2.6370161399999996,0.5430606974680341,1.7210652499999999,3.8415429999999997,1.0042248632423316,4.283464454999999,0.5692856145261851,2.9047615,4.973181,1.0036016778582801,1.405160664,0.18173357141809074,1.0767675,1.7855399999999992,1.0018159335860548,3.5141842749999994,1.2342639673170739,1.69609675,6.5888382499999985,1.0032707092672795,-3.4383743675000003,0.8820620280642177,-5.1664135,-1.744746250000001,1.0001844985377957,1.7362900502867775,0.3299929824434503,1.133800246428327,2.447789716226779,1.0019311828160307,0,5
18045,early,3.335846804,0.9023242312386152,1.680145,4.8930995,1.002855846602582,2.0337569424999997,0.5972388606523472,1.03691725,3.367727249999999,1.0013401241989794,0.908412918,0.11588105557594379,0.6923840499999999,1.1430127499999996,1.0007009369149227,14.187072055,7.205755659082871,4.9413652500000005,32.4290325,1.0021546929327112,-3.1426063025,0.7524652128293667,-4.6197159999999995,-1.707370750000002,1.0020437338228914,4.274186430940364,1.2310966897586888,2.297890718208023,6.934510951573788,1.0029669488699287,0,5
18045,full,3.23700173425,0.877395413255828,1.6190194999999998,4.84061275,1.0018263800552603,2.1392260155,0.6122851091629462,1.12326875,3.4925370000000004,1.0014331899455284,0.79577414475,0.07588478518328873,0.6535284,0.94920295,0.9992072477519357,29.5565679475,12.26480308718124,11.9322375,58.994625,1.002079900501689,-3.140044014,0.6774162797737392,-4.4870805,-1.8470862499999998,1.0005710380985442,4.4049871446271105,1.1995091576090366,2.325949751360141,6.976120780501714,1.0026816469288924,0,7
19018,early,3.2843663299999997,0.7976088757092263,1.79839675,4.834236749999999,1.0038607074818837,3.4633566300000003,0.8115907663013522,1.9171707500000001,4.89004675,1.0049351904126664,0.6396214665,0.08470531769309776,0.5130906,0.8244107249999999,1.0005571159801694,12.124088915,3.5998286077887096,7.14503675,21.178284999999992,1.0052817117950203,1.40635908324,0.6217656470719227,0.20607655,2.655546499999998,0.999745917733307,2.602203387112754,0.6600498741767175,1.4390511432413846,3.993524803613402,1.0030614255228099,0,6
19018,full,3.5064669349999997,0.8167276588889066,1.89601775,4.9001065,1.0021709639040404,3.44358178,0.8011044146743821,1.86086725,4.847068000000001,1.0020656627880942,0.57007922925,0.05392012891888197,0.5027625,0.7023611500000001,1.0001632847163058,17.31889021,4.46300968707602,10.55155,27.823570000000004,1.0007950728783337,1.3959002907250002,0.5809184039838232,0.21557077500000005,2.5174855,1.0008871378506932,2.6636561890372805,0.6466972722916481,1.4422700562296003,3.920893325415596,1.0032205319361005,0,7
19991,early,2.67882397,0.6051727383382806,1.674093,3.9704467499999994,1.0019601428947216,4.142843194999999,0.6805626007351577,2.477073,4.9706425,1.0017478387246461,0.5729406415000001,0.06882828772506665,0.5021459500000001,0.7470805,1.0001220433664353,16.85204466,9.448447400151593,5.4463377500000005,41.01036249999999,0.9990500379320024,0.5129372101624999,0.5804110451986781,-0.6380296249999999,1.6008797499999998,1.00000409886295,2.1767399760210893,0.49276979233635443,1.2690695989828915,3.2452661538901246,1.0026494430228716,0,5
19991,full,2.5647924399999997,0.5180352862097577,1.699622,3.753648749999999,0.999355016863457,4.18351239,0.6601672566121705,2.59180675,4.987294499999999,1.0005005932812434,0.5288566674999999,0.0273785218871711,0.5008267000000001,0.5982406499999999,0.998534042742724,36.02665041,16.804806807589284,12.7527875,76.66017499999992,1.00313307382033,0.509424984349,0.5376670212179303,-0.507972275,1.5380677499999997,1.0004149324999705,2.312955610321693,0.46006238029966234,1.4465427139564042,3.274176872396195,0.9992846804191793,0,6
20270,early,2.78543041,0.8252987838019661,1.408621,4.529191,1.0017627964812164,3.356715425,0.8783842340206861,1.717676,4.917897,1.0007264437873147,0.692951723,0.1455254917023711,0.5085824250000001,1.0624995,1.0008774280802213,15.70327827,8.538339131066882,4.8972264999999995,37.35159749999997,0.9988766140828205,-0.43590833454699995,0.6203033732867395,-1.64518425,0.7677712999999998,1.0013532656475934,3.059851402835419,0.932666935299574,1.5437648013343306,5.24240204218254,1.0031023981603078,0,5
20270,full,3.0964841665,0.8119658236595678,1.644671,4.729726499999999,1.0015824946434084,3.3047551250000002,0.8735152706657322,1.7061055,4.856732999999999,1.001824850910356,0.5893936055,0.07936106045775446,0.502273075,0.7914413749999999,0.9997708595904321,24.630643154999998,12.111611164754299,9.04512525,56.03853499999994,1.009563878549686,-0.41756428270100004,0.6043995624403816,-1.6049205,0.7922947749999999,1.000679795645992,3.089554050277394,0.86027713069096,1.6401141259097347,4.9959913388259105,1.0007253875375497,0,5
21669,early,1.28165270725,0.5149362119107922,0.560015025,2.57323175,1.0048565428248497,1.3494424400000002,0.532855641484399,0.6052257,2.7151237500000005,1.005104706579033,0.6840696215,0.09103267584698752,0.5304993499999999,0.8740729500000001,1.0004012262916995,10.731428829999999,3.147760059474322,5.827725249999999,18.0777225,1.0025699725733785,2.4961465482499996,0.6742342406929204,1.16736875,3.79634025,1.0016515491493097,8.91934273701532,3.3494084273609768,4.166903910725147,17.165349208552318,1.0037185923600778,0,7
21669,full,1.2879739625000002,0.45747574007324787,0.602396425,2.409798999999999,1.0067128181069613,1.274156984,0.4592567196419612,0.572194675,2.315757249999998,1.0066484278859742,0.671224013,0.08032857215080898,0.531807675,0.8464027749999998,1.0017129837497385,15.61282682,4.038158491015511,9.088773750000001,24.70622499999996,1.0003036660150422,2.4737802144999996,0.6490817780962008,1.20144875,3.7874002499999966,1.0021730698549627,8.907933876448672,3.032268912629876,4.130947296176199,16.069107184184123,1.0074791851662144,0,6
22962,early,2.2536222150000005,0.8308313569367398,0.980674175,4.259090499999999,1.0010997098260874,2.973791041,0.9416255557538127,1.3689135,4.826686499999999,1.0050350492652045,1.0089332770000001,0.22508722511395893,0.635627575,1.50313475,1.0011288831302785,3.8119069915,1.776578685145223,1.569206,8.459374999999994,1.0004989369284194,-0.888467180786,0.8071152867897227,-2.46633925,0.651794599999998,1.0007263498172798,4.135883496280006,1.439652795428596,1.9916430145903634,7.624353368391421,1.0017900644971538,0,5
22962,full,2.5675372279999995,0.8317152543804879,1.16544925,4.32864475,1.0026885099494964,3.0580847425,0.936910400234948,1.346404,4.825225,1.001991589430784,0.8167232349999999,0.17660712847716892,0.533854625,1.21245225,1.000772354906484,6.69666668,3.0713474556819094,2.8732575,14.916534999999998,0.9987851100090632,-0.8764184319249999,0.7713426692481207,-2.3691355,0.646772324999999,1.0030418442270004,3.7556075128535373,1.2160758727801901,1.7778414039210693,6.464476277691502,1.0021555675378482,0,5
23249,early,2.476292167,0.8782262450625888,1.09442,4.47751525,1.006297950731392,1.683752618,0.6046497119071651,0.803456275,3.2009979999999993,1.0047352601024877,0.5216976175,0.020414952922149992,0.5007368,0.57545455,0.9999705469927173,47.0833918,18.88777576088062,18.417815,89.88034249999998,0.9992835424681697,-0.0061902469224999965,0.5156779996410504,-0.995423725,0.9988962999999997,0.9997795339829622,6.041191570188312,2.014843204837063,3.031720053524629,10.682213423439078,1.005376955643618,0,5
23249,full,2.6210461814999997,0.9229525226271325,1.143734,4.635263749999999,1.0058829956544468,1.579251617,0.5446876173246439,0.784462875,2.8874165,1.0043677094271737,0.5149958755,0.014435992455286347,0.50047065,0.5526143249999999,1.003665222659146,58.69628385,17.932322140865526,27.0942425,94.0366175,1.0022123464425212,0.0028643779675000002,0.5152065846297995,-1.01997175,0.9767977999999999,0.9986131333688939,6.4320295386585755,2.14213112813005,3.0782346087738044,11.355012978202968,1.0044129731278724,0,5
23652,early,1.876642127,0.678824476642938,0.8562731,3.490413999999996,1.00212773212567,1.7629314955,0.675769592114798,0.7541891749999999,3.3676602499999997,1.0016982393440488,0.5936712605,0.08474630666179528,0.5024437,0.8111393499999995,0.999412859465342,9.4665879,4.1018727981942185,3.99451775,19.72416249999999,1.002043637569585,-0.081214644073,0.6431746215379874,-1.33745125,1.2318157499999995,1.0025644716833126,6.532159797835798,2.2080017272429906,3.189765809403979,11.576443148878727,1.0008985472978362,0,5
23652,full,1.678833473,0.6791156211909192,0.735577775,3.387882249999997,1.0016900524714754,1.651179437,0.6807927003266788,0.713613975,3.48533475,1.0005613963939124,0.5635370430000001,0.05666611440790868,0.50199705,0.717518225,0.9994414698357336,10.134603790000002,3.262169639239539,5.15277425,17.558072499999998,1.0006654182923198,-0.0791226698535,0.6267004727766695,-1.3174905,1.135983499999999,0.9989057339080699,7.441616575138951,2.8473571838605167,3.3503565082165028,14.343075107376048,0.9994007207889799,0,6
37077,early,4.24962855,0.5956503443693046,2.7946307499999996,4.9695687500000005,1.0007693605328842,2.4138354950000003,0.5635470414979086,1.41572925,3.7043877499999955,1.0011547746203924,0.6107158835000001,0.09161456887229102,0.505215125,0.8406455999999998,1.0009058167856617,7.752652685000001,4.128233785254791,2.5515547499999998,18.314172499999998,1.0004187208271595,0.16648305267980001,0.6594732713264334,-1.1652305,1.472885499999998,1.0008559655764373,1.7026181449426137,0.36821633342085924,1.088614828285401,2.488410590939611,1.0002353354441313,0,5
37077,full,4.1999921350000005,0.6168169350623259,2.7343442500000004,4.9735007499999995,1.0000592323042397,1.909431931,0.43627624482727173,1.1966857499999999,2.9249117499999984,1.0044400795626482,0.7331435974999999,0.10440487029906496,0.5523260999999999,0.9614617749999999,1.0004821297281108,7.929329224999999,3.558725015326192,3.3823835,16.752679999999994,0.998584635086816,0.136535383451,0.6651762240054959,-1.142404,1.4372982499999996,1.0011354044160083,2.6328209713951547,0.5559678565080349,1.6805199125762695,3.836317352541934,1.0004320104359954,0,5
38128,early,4.114382595,0.6294826756030996,2.69247225,4.960271250000001,1.001379701377716,3.6490797075,0.634411213294956,2.4062699999999997,4.82591775,1.0020794107202498,0.5227349285,0.022024427311952803,0.500644525,0.5816214000000001,1.000798642446466,47.081490405000004,19.436287861596327,17.393995,90.50890749999999,1.000523036447552,-0.30976717779725,0.516205963672263,-1.3025035,0.6976836750000003,0.9997180013357955,1.3845506381143995,0.2660281048492567,0.8876238231415341,1.933633451707372,1.0016887790025077,0,6
38128,full,4.129768045,0.6335078579303952,2.740635,4.97185175,1.002597793884176,3.229761185,0.5424983969703537,2.2254097500000003,4.411458,1.0024353769197618,0.5392140345,0.03318126547338901,0.50071195,0.622327025,0.9994599384583663,36.9720944,13.964194518205472,17.9043775,75.07626249999998,1.0031778126989908,-0.305044295842,0.536344406880382,-1.337351,0.7602593249999997,0.999059054118696,1.8640457959395207,0.3410232254904893,1.2486491188419824,2.5538236830161662,1.002954902672619,0,5
38760,early,3.1838984630000002,0.9361674497478658,1.445472,4.82724,1.0006893833051744,2.7223010885000005,0.910016021053489,1.23613325,4.65827875,1.0041214623782524,1.24601416075,0.2753693141971746,0.7745876749999999,1.8676402500000002,1.0010005170738723,3.9578694285,2.3645602228567917,1.233412,10.140220000000005,1.0005462376688976,-0.040477832590625,0.830055960155013,-1.6989645,1.5783577500000001,0.9994071408567626,3.3622516733968593,1.0828528603636944,1.613365762197488,5.810608243970516,1.0007896137410741,0,6
38760,full,3.3546371644999997,0.9332962051835625,1.59452075,4.907170249999999,1.0006814260043755,2.490691543,0.8090394338737578,1.211751,4.343681499999999,1.0026490248788553,1.2081331544999998,0.3420837707748782,0.6692250500000001,1.98318325,0.999973586498958,1.6015261635,0.7041072905091275,0.705722,3.419371249999997,1.0023628979294352,-0.06513550202549999,0.8957603378186468,-1.8301275000000001,1.6694764999999998,0.9994005776807658,3.3260565387503847,1.088608182592974,1.6568138244550714,5.878372911003839,1.0009751083406135,0,5
