contest_id,mode,c_i_mean,c_i_sd,c_i_q025,c_i_q975,c_i_rhat,c_j_mean,c_j_sd,c_j_q025,c_j_q975,c_j_rhat,sigma_mean,sigma_sd,sigma_q025,sigma_q975,sigma_rhat,lambda_mean,lambda_sd,lambda_q025,lambda_q975,lambda_rhat,mu_0_mean,mu_0_sd,mu_0_q025,mu_0_q975,mu_0_rhat,r_mean,r_sd,r_q025,r_q975,r_rhat,divergences,max_treedepth
2445,full,0.655281917,0.2964636281372696,0.25147605,1.4004329999999987,1.0005486056664046,1.3544322535000002,0.6888316772437729,0.496181675,2.9902674999999967,1.000916591267749,0.2271306726,0.0676521782984914,0.124177875,0.3934469499999998,1.0009788440399918,36.541304565,19.966600464257574,11.7112375,87.77769499999995,1.000296131459732,-0.1948864499555,0.3306343238840664,-0.860066175,0.4731040999999998,1.002712736690092,13.05093408271491,4.896058996102769,5.923600784893308,24.598052357176563,1.001203037567375,0,5
2454,full,0.07084766765,0.0354709253483252,0.0245707525,0.1655827999999998,1.0010741628331743,0.171268162,0.0956725247695453,0.0569029175,0.4250436999999999,1.001103127733366,0.7389232745,0.127455467398327,0.528829,1.01588175,0.9992006785586396,3.5126253244999996,2.3445303678707066,0.952025375,9.35172875,1.000507120541137,-3.948348485,0.7290008255075917,-5.35157025,-2.5004685,0.999751975705906,85.48184646857372,36.19986496485665,35.85178212191293,172.47082998917793,0.9998339858853263,0,4
2464,full,0.12169438035,0.0553590645311715,0.049629195,0.2614354249999999,1.0015606297237138,0.104769505,0.0455704180712906,0.043304345,0.2172761249999998,1.0020883541022845,1.605096861,0.2355407288083155,1.1966297499999998,2.1126349999999996,1.0042858427792118,4.0383624865,1.7879612468582031,1.499628,8.422509249999997,0.99948644111333,0.138778094209,0.90317095145147,-1.65258475,1.83395375,0.9995237289198168,81.09751671686114,32.076815393999816,35.90178455439877,158.81627455602217,1.004442913871627,0,5
2478,full,0.25071926525,0.1063121835899024,0.101369025,0.5178500999999998,1.0017298721019403,0.5422520030000001,0.2482148531985972,0.203652125,1.18335625,1.001216676532441,0.2488518115,0.052845475405425,0.159562225,0.3661612499999997,0.9988573434925662,27.896092599999996,12.306931861268865,10.8557325,57.76805999999997,1.000909941070648,-1.1830627049999998,0.3573684934777734,-1.87630275,-0.4892065000000002,1.000460861820357,29.674027300762543,11.363196709211644,13.204644180877338,57.38106268798836,1.0031580144244825,0,5
2489,full,0.4307606063999999,0.2131746725588521,0.159348175,0.9588343749999994,0.999521189918268,0.12618693455,0.0528289969388965,0.0551011375,0.2573666499999998,0.999023354368788,0.407128587,0.0894213597453695,0.238645775,0.5958914,1.0072404938846604,5.159012531,2.639522610192422,1.7237892499999998,11.751172499999994,1.0012233502512426,-0.284150646099,0.550237924870358,-1.3843245,0.8408342499999999,1.0021493975975484,42.1118499009795,16.345909624459832,19.2248706009964,81.54333373320628,1.0006474911036731,0,5
2549,full,0.2011186738499999,0.0945464458874768,0.0747083,0.4254243999999997,1.0011403906474816,0.1120604858499999,0.0487538966910798,0.0453792125,0.2256719749999999,1.000321810186276,0.6197506469999999,0.1287918537535741,0.40737615,0.9192492999999998,1.0002459035279794,6.553213019999999,3.208270957285226,2.5320607500000003,14.692997499999986,1.002984799179009,3.1216564800000004,0.6726500284100713,1.84526,4.5329567499999985,1.000934172236383,60.6703497503917,22.763581754761763,27.611956699530097,112.3335994102296,0.999533845410798,0,5
2551,full,1.211875959,0.5199537537841384,0.49249315,2.5251132499999973,1.0048010397002816,1.099369426,0.4543625273708891,0.472668475,2.243693999999999,1.0039159729812457,0.10330162065,0.0199890923126779,0.0673771675,0.1444151249999999,0.9993387828076348,224.8686397,110.54641808707912,85.90854499999999,512.5364499999998,1.0023831838923285,0.06043489835275,0.1503947820146404,-0.22966855,0.3611571249999998,1.0034005610710337,11.942711945256976,4.457911432545953,5.3160551049917,22.44321297989578,1.0075547387853208,0,5
2667,full,0.6870407445,0.2663689705014385,0.3092608,1.3494607500000002,1.001159577689756,0.570810465,0.2229903130621026,0.261406825,1.1288092499999998,1.0009605362238845,2.7464573449999996,0.183601320580655,2.419859,3.1266527500000003,0.9989460022042522,14.89339412,7.434290632040198,5.3314655,33.65117499999998,1.0003419801517326,0.19253088729075,0.88982455859846,-1.51655175,1.9130499999999997,1.0024683785316095,17.399716507862788,6.561192816338215,7.960671820259744,32.31346957918605,1.0011584441239425,0,6
2749,full,0.754782812,0.3647155769019842,0.2864039499999999,1.66032725,1.003292731226947,1.1306830305000002,0.5758545421710192,0.41884175,2.4854407499999978,1.0013278693099272,0.3811590966,0.1266924399452307,0.190247725,0.6798075999999996,1.002863412697022,12.79097538,8.348929932872323,3.2912995,34.33796749999997,0.9985733126377088,-0.1158156005534999,0.5217349851293311,-1.09648825,0.9223689249999996,0.9996116343112964,12.874530495557178,5.150560072427853,5.564912582220196,25.378030432964124,0.9998388576811856,0,5
2762,full,0.3163095092999999,0.1896074361669358,0.0941610849999999,0.8409118999999999,0.999164059745682,0.0808542477,0.0377407755953106,0.0317252575,0.1733851499999999,1.001396049264797,2.400738085,0.6601888138855979,1.48711875,4.120488249999997,1.0061108172904645,0.14081716125,0.1095295227334177,0.0555662024999999,0.4015890749999992,1.001503205976276,11.276337085,0.9747514254407388,9.401895,13.2489225,1.0010704256002814,59.713969081232385,24.343854549699707,24.78939456038049,119.99030179443356,1.0015068573319557,0,4
2860,full,0.42425582635,0.2116314736484313,0.148219875,0.9719026249999994,1.0042851682551768,0.5767428220499999,0.3055408605558159,0.19128685,1.40073425,1.000618858310637,0.20281434725,0.0677929870547717,0.105677675,0.3681746249999998,1.0011682314372157,21.530832154999995,14.222428633636076,5.56738625,56.764899999999976,1.0008859424764378,0.16051582504625,0.3358685963679362,-0.4939941249999999,0.8399186749999997,1.0001947324320082,22.412987036019185,9.807979926235014,8.929218513724267,46.36135377464446,0.99940915999657,0,4
3064,full,0.2438395354,0.1314400885673328,0.089063815,0.5754809999999998,0.9996540367661612,0.2828449276,0.1550875101951635,0.0963855975,0.6446822249999994,0.9986340266943766,0.8237059489999999,0.1760667397309444,0.5584068,1.2416977499999993,0.9989610616159208,3.351258594,2.4301806563522397,0.8493787749999999,9.665111499999991,0.9991464619414604,2.6187235095,0.7597269778643867,1.1033245,4.113941,1.0012879773872327,39.574175679841126,15.878691255369414,16.542011769407804,76.67164882429775,0.9995013438954002,0,4
3080,full,0.2220710184,0.0915960482193082,0.091628,0.4472098249999995,1.0006185837209252,0.5495046945,0.2558609686943434,0.21075765,1.162993249999999,1.00064827978703,0.13155264045,0.0276012861192886,0.08708584,0.191840625,1.0004268929463178,98.091020335,51.04967706485071,36.474545,216.36557499999995,1.0033259293139216,0.018804498379,0.2082141445971883,-0.3733306,0.4169506249999991,1.0000292377078477,32.71155226631168,12.67549711356122,14.830346765687898,64.59944423761533,0.9996049635629324,0,5
3288,full,0.7911106515,0.3883555907118779,0.28810605,1.7933302499999997,1.0018451060813338,0.4651410742499999,0.2195863876073685,0.17400365,1.0042044999999993,1.0000646080060251,0.422931588,0.142837389363042,0.20498955,0.7648267749999997,1.000757939769931,1.1465271695,0.3207443412809408,0.6320408,1.8760035,0.99982044080616,0.0158760305325,0.7152741581474628,-1.4068855,1.3604042499999989,0.9987291743957109,18.80158000418746,7.802941917577396,8.108991946255909,38.0442805290459,1.0005724381997698,0,5
3338,full,0.6157239194999999,0.2606262733851622,0.261955075,1.23924675,1.004210958364248,0.6261270485,0.2563179971275249,0.268313775,1.2879154999999998,1.0025736145701578,0.2009801239999999,0.0333807689567615,0.143473825,0.2728566499999999,1.0006645780072845,110.6845622,40.4936497780948,51.9807025,202.67657499999996,1.0000027839548429,-0.5317651023599999,0.2530782080395845,-1.03475175,-0.0287528775000003,1.002007966336821,17.949438515903026,6.968652462620899,7.903960798283642,34.20928218635361,1.0019259841719412,0,5
3353,full,0.5489535705,0.2680233114321002,0.20443255,1.2321525,0.9994114037175178,0.609058945,0.3028073747900314,0.2206709,1.3301382499999967,0.9986326975970058,0.811154766,0.2139190908805098,0.459340475,1.29080575,1.0008553485996852,4.6290673155,2.500958744050972,1.53578675,11.170539999999995,1.000733316064283,-1.257348660268,0.7570671315264876,-2.716348,0.2114360999999995,1.0006682756782048,19.101080771186215,7.916400075930887,8.124219886698656,38.18849042763351,0.9991862386566714,0,5
3366,full,0.1379537103,0.0654350649559882,0.053022785,0.3001727999999999,1.005044711886978,0.09174082125,0.0419200514546158,0.03558132,0.1949544999999999,1.004314472102696,0.7287062114999999,0.2431231172011529,0.338275125,1.30376675,1.0003977179739467,0.5619092204999999,0.1613598626855229,0.308385475,0.9365716499999992,0.9989694352349336,1.1586015455699998,0.8217339580652437,-0.3882904,2.7389352499999995,1.001380645650359,79.84697278197433,32.137719509557186,34.152016071553,156.4032122340866,1.0027218752560183,0,5
3507,full,0.1626257151,0.0752775797906106,0.0650394374999999,0.3430510999999998,1.0007023005196496,0.1478943446499999,0.067948652281595,0.0581075525,0.3121946749999998,1.002407460488317,0.382481977,0.0721362654031426,0.2653473249999999,0.5435555499999999,0.9989992271219316,13.428312735,6.193823584131585,5.2402897500000005,28.37819749999999,0.9992727558257424,0.8318417422500001,0.4860347431279525,-0.121971275,1.813272,1.0016035182488123,61.36638285308065,23.851635895090297,28.097312478441314,117.30456933496195,1.0037249893866955,0,5
3509,full,0.2156278934,0.1202410011047421,0.0670221625,0.5211450999999999,1.001627349379442,0.1775021142,0.0964704622100815,0.0594676375,0.4326174499999999,1.00209868026268,0.8039107695,0.2203699178429202,0.436939175,1.2919652499999998,1.0038559209974562,3.3339474849999995,2.7656285762984125,0.723451325,10.215032499999992,1.003147797821114,0.2448823079115,0.7701196532017428,-1.3024710000000002,1.7954517499999996,1.00062780551754,52.93209897429147,21.96732475130413,22.40154401260741,110.41362454025234,1.001408078999927,0,4
3526,full,0.8294175465000001,0.390696268647866,0.3177529249999999,1.7882904999999985,1.001210751178486,1.1305970915000003,0.5421017784530301,0.41788985,2.424735749999999,1.000504477162091,0.33772184,0.0941598427845384,0.1959157,0.5510203249999994,1.0008341169816557,7.33475455,4.033313139888992,2.2882320000000003,17.539754999999985,1.000440080520257,0.946044956615,0.5159192501814799,-0.0487358424999999,1.9913859999999992,0.999473627026723,12.409374169991423,4.942845847008952,5.261466288638293,24.38018638000546,1.0012562954362452,0,5
3641,full,0.668422329,0.2826774705992767,0.2926611,1.3612417499999985,1.001266083419261,0.9446699265,0.4105334137504277,0.383195625,1.9047417499999997,1.0005305617175948,0.181519333,0.0330304981872565,0.127389125,0.252514425,0.9996485113111264,17.06729945,5.584300823511332,8.85242575,30.5687625,1.0001930987681489,0.699870424615,0.3244136847237505,0.083511695,1.3486812499999994,0.99893626195556,15.98910220915459,6.090792259739863,7.205142535995056,30.852430280855817,1.002374167507839,0,5
3774,full,0.7648187125,0.3005098143015808,0.3568618999999999,1.48622025,0.9995464139493188,1.706144215,0.8101755270263205,0.6542881,3.707524749999999,1.001330640044397,0.1252722505,0.0296670873078181,0.07913877,0.1944974999999999,1.0000157763644486,59.426216100000005,29.853125567955676,20.513209999999997,136.41047499999993,1.000647581583858,0.056218108135,0.2174696643503469,-0.3649056,0.48973115,1.000776217283564,14.333423332302338,5.025358639882671,7.018641985754173,26.008348028829257,0.9993129799717778,0,5
3800,full,1.002983173,0.4448732588807082,0.380677,2.1068149999999997,1.0010615907625515,0.3554223728,0.1542198713740022,0.15253595,0.7270630749999997,1.0004034506163455,0.504776207,0.0908078727213133,0.3552694249999999,0.7036625999999998,1.0013291143730272,12.630026295,5.849618876007145,4.89241025,27.51860249999999,0.9987330700446194,2.7161601369999997,0.5497413276604263,1.6370935,3.80478125,1.0001959040785375,16.840336198582833,6.5926737877850785,7.637674077387884,32.26289529756339,1.0000403089448884,0,5
3926,full,0.5075495170000001,0.2200746565398348,0.215082475,1.08128625,1.0007744479181708,0.6197545855000001,0.2862587381227034,0.2521655,1.3302407499999989,1.0010537724869495,0.09910994095,0.0209333310348098,0.065338595,0.1458992499999998,1.0013052613445306,272.32563115000005,126.37288816148111,101.17615,591.9190249999989,1.00176942532958,0.1392910931165,0.1361511500506863,-0.132069575,0.3857118999999998,1.0000110330351015,20.991014752641476,8.695017666421158,8.97584924872489,42.22512517344222,1.0002622744692653,0,5
3928,full,0.6296340015,0.301603390572747,0.228643575,1.4136367499999996,1.002925350885654,0.2223625835,0.0902458036875036,0.096950255,0.4370565749999998,1.0027563353596105,0.1579708838,0.0267900907362367,0.114056275,0.2204968999999999,0.9989856758843622,84.01998045,41.940179427140905,30.2470325,187.8080999999999,1.0005952014515898,-0.36814149317,0.2318558618294986,-0.812760625,0.0668452174999998,0.9990268100250068,32.85250079748665,12.099455215740685,15.642241745333566,61.452884065722834,1.00340389098515,0,5
3929,full,1.0954267,0.4469611141793458,0.48172285,2.179576,1.0040615209690251,1.566322984,0.6742520454415039,0.655607775,3.277665749999999,1.005097263805583,0.331335004,0.0797509228188628,0.197007225,0.5068743249999998,0.9995082592719362,11.455689955,3.82275660538788,5.757796750000001,20.311309999999985,1.00185601806205,0.0052002931855,0.4410629203136573,-0.8549752249999999,0.8055813249999998,1.0013700431451174,9.695703018066371,3.7024024505382505,4.487863486027469,18.7145117378635,1.0074389238949226,0,5
3960,full,0.9811152875,0.415131119761123,0.428698825,2.037504999999999,1.001909708195559,1.0716901469999998,0.4520430587077389,0.469429775,2.231068749999995,1.0018599591561586,0.3685438315,0.0623416795349686,0.26121095,0.5030575499999999,0.9996141752048404,43.50355094999999,18.07149490393256,18.82461,86.6142149999999,0.9987581183846844,0.232881297559,0.4390354991205377,-0.6637231,1.0574187499999994,1.0003901707180949,10.89508824567976,4.283314219477718,5.034428437992089,21.35828612609818,0.9998524352137058,0,5
4104,full,3.7114169095,1.4976411139243433,1.6336185,7.202864499999998,0.998756877110849,4.2331838694999995,1.8173176027827085,1.75462,8.632031249999983,0.9987734270341642,0.2203364699999999,0.0459091958420045,0.144327275,0.32246365,1.0004342828661652,19.502669595000004,7.636691046085954,9.27385025,38.906067499999985,1.0001562583177792,-1.50055521475,0.3452527300794429,-2.18544875,-0.8396277750000002,0.9989135773504594,3.802067950592275,1.440985322559865,1.7558403042312134,7.275127387490726,0.9988220852577616,0,5
4366,full,0.8799750669999999,0.364219653876445,0.391587075,1.694043,1.0007945759337935,0.8905914825,0.3746069285325993,0.403091675,1.8006299999999995,1.00183561250264,0.710299286,0.1060244726426157,0.516700325,0.932748575,1.0010673637440104,18.54464082,7.474716567569842,7.97156375,35.83508999999999,1.0026077761576742,0.6490816555840999,0.6487421748788811,-0.6373706,1.9106132499999993,0.9984838009868016,12.894696274014164,4.991512488168527,6.1776797193352815,24.910514961685895,1.0002009761694224,0,5
4407,full,0.462115277,0.2041834155275141,0.1992822749999999,0.9971279499999978,1.0023909291386508,0.3897114751,0.1739579296241996,0.163565975,0.8315553499999995,1.0034145336728555,2.0940781270000004,0.3167439233488135,1.5119955,2.746891249999999,1.000878265816437,3.628641308,2.3655610724895686,0.978826125,10.184517499999997,1.0031578531207597,-0.830785018555,0.9317755450836308,-2.62652575,0.983280025,1.0039516803742847,24.98247295100539,9.87962948991388,11.551514521524448,50.2114130215594,1.0023411948396117,0,5
4453,full,1.000006883,0.445036339362911,0.397713125,2.0508724999999974,1.0056981942767045,0.7166493045,0.3014426178651825,0.30072845,1.4366762499999983,1.0062989498267347,0.3775047459999999,0.0598053080817569,0.2797789249999999,0.5006373,1.0012190320203296,21.66462883,9.64733660221228,8.30170725,46.98802249999996,1.0001719685199166,-0.1476600575115,0.4594642736913326,-1.0129365,0.7595979249999997,1.0017328500355032,14.122488993707956,5.646452560413044,6.322309966421569,27.79247653953568,1.005398014949313,0,5
4477,full,1.1797910985,0.5595079383495232,0.4347482,2.495306499999997,1.0048376525835443,0.5718953205,0.244899921319154,0.239569025,1.1615779999999998,1.0051325776832194,0.3598728095,0.1074398707364456,0.190206525,0.6089128999999996,1.002249469384683,5.096503495,1.696176503392694,2.47278875,9.189441499999996,1.0006456275088529,0.629723050715,0.5440574998627928,-0.459922925,1.6820484999999976,0.9995308625039224,13.98548341688225,5.406443965689479,6.352430528866172,27.78142368432503,1.0024689816974954,0,5
4488,full,1.1170034705,0.6126414766476227,0.385006775,2.5649242499999994,1.001145006293869,0.6452559215,0.313813159049648,0.232291025,1.4708247499999978,1.004584601685614,1.1052052565,0.3077871698381987,0.5793119750000001,1.791119,0.9991331236507,1.0019785005,0.5381834808278297,0.337001925,2.3535709999999974,1.000054088968313,-0.1082342996,0.8254350243375759,-1.69149375,1.5608817499999992,1.0005669111591498,14.490113120476876,5.662859535284344,6.258421776698955,28.319043799134104,1.0049434289809558,0,4
4493,full,1.005659157,0.4313710834991005,0.425008825,2.1130137499999986,1.0021642952416,0.6770186640000001,0.2759031296148663,0.295181725,1.3658409999999996,1.0010900891914756,0.3852757999999999,0.0757544627656249,0.258308125,0.555982825,1.0002956605001854,26.273748215,14.245970720074212,8.532173499999999,62.76384249999989,1.0018776602240118,0.759301420755,0.4676852542758029,-0.171010125,1.7076262499999997,1.0011368119718014,14.185160289803814,5.424444508210208,6.433685332153228,26.9366967342689,0.9997201211758984,0,5
4657,full,2.055767262,0.7698360998199235,0.962017025,3.951236749999995,1.0023964971599366,2.1195418015000005,0.8188853090488637,0.98068805,4.18229825,1.0022557082208703,0.07015941335,0.0120032913418731,0.0477852275,0.095264585,1.0014947204692644,367.0719795,86.66253795205415,233.044625,569.4960749999999,0.9995266244323922,-0.0208363924945,0.1032434420546521,-0.228594675,0.1748823999999998,1.0007332267340812,7.112272091331708,2.565030238664694,3.3328717194277453,13.198459675207486,0.9997904801367182,0,7
4699,full,2.771060125,1.0056444968541125,1.313576,5.039812749999997,1.0117102125706443,3.4843188585000004,1.551858403412426,1.4702655,7.2994507499999965,1.0094895086199167,0.1152952569499999,0.0188321765432854,0.0841843749999999,0.1564394249999999,1.0013359767952583,380.45781585,197.4171663440764,132.21365,884.0638999999996,0.9989596405557328,-0.0452020750418,0.1468524545763385,-0.32625045,0.2471222249999995,1.0018114875653668,6.29181614084259,2.281581005091628,2.8389180583300857,11.839834233202492,1.010884162152086,0,6
4986,full,2.2458450130000003,1.011730845521175,0.940255025,4.796617499999997,1.004936693746293,1.0403854660000005,0.4179093351009919,0.473348925,2.0692974999999993,1.006162022444053,0.7118512020000001,0.1147351913590084,0.50914815,0.9571951749999998,0.9995800380816932,8.337025514999999,3.5897908671658616,3.095747,16.412495,1.0001750294696103,-1.5012220359499997,0.6964396214384028,-2.862746,-0.1546119500000002,0.9990995339144868,8.919294251919897,3.419472090919617,4.17926863657387,17.28549168058859,1.005801760228188,0,5
5056,full,1.960393369,0.8701635957363582,0.790898325,3.9980894999999985,1.0080186160113191,1.2021919579999998,0.4685153205619073,0.565603275,2.298709499999999,1.0066865753598264,0.2767171335,0.0419840419335992,0.20540625,0.373451025,0.999498797975327,77.4021091,41.76570570926312,27.026155,182.80237499999976,1.0002098515337432,-0.93631935895,0.3411939137510729,-1.57345975,-0.2527161500000011,1.002724533055368,9.95296380723962,3.632393032760768,4.596328120667849,18.450752569418984,1.0046746063969227,0,5
5144,full,2.1590140675,1.0097939643642806,0.8394026250000001,4.8682107499999985,1.0072104246415543,0.8383553655000001,0.3464785196259878,0.364257525,1.6299914999999978,1.0017955129485645,1.7353066949999998,0.2526142995435807,1.29708425,2.266295749999999,0.999443399488973,3.4706940315000003,2.3691551426762363,0.9400537,9.527266999999997,1.0008227022861418,-9.8555831,0.9114030098340457,-11.62152,-8.101901500000002,0.9993635710967184,9.393402039819655,3.5155335530790963,4.2924915251616165,17.614840723634067,0.9998271042383492,0,5
5174,full,0.6696061595,0.2648494276217863,0.296076175,1.2935202499999996,0.9993534040371987,0.623908469,0.2424192921327469,0.279208475,1.1964102499999991,0.9998676586138798,0.526926275,0.0933509643840335,0.341767,0.71361145,1.002429053632758,8.578983699999998,2.3711560068305024,4.81714525,14.063175,1.0024606753000638,-1.0894916122,0.6118003749096229,-2.2940862500000003,0.0832797724999993,1.0011580477915258,17.57129866574747,6.584877979355111,8.12602950423313,33.63244701405561,0.999917514701283,0,6
5229,full,0.6452879680000001,0.2676048162597446,0.272934825,1.3285824999999998,1.0011976664980289,0.6069889345,0.2452315245062898,0.259872,1.2069134999999986,1.0012888815508774,2.56851113,0.3122932113473649,1.98604575,3.2417762499999996,1.0002591386986976,1.7714839635,0.7297353428753138,0.741917775,3.5619942499999993,1.0015999981181585,0.34668167382,0.9384625835647596,-1.43837075,2.1934829999999987,1.000164979634527,17.28890029739921,6.563413313588133,7.843696767897966,33.53676333500251,1.0014391995908574,0,5
5261,full,0.592924213,0.2358226571519406,0.2626366249999999,1.1661244999999996,1.0035660926534442,0.5958542845,0.2370082769459243,0.2562769,1.1905979999999987,1.0032554413970174,1.6773095675,0.2112279647937741,1.27969925,2.1031932499999995,1.0003648212491572,5.184134985,1.928283304643818,2.305796,9.770483499999994,0.9992502833265828,-2.28545667355,0.8691868086665478,-3.97389225,-0.5919557500000007,0.9994315176602686,18.47162101552233,7.115917117502593,8.718508222801674,36.02432707087593,1.0038964125015557,0,5
5357,full,2.0574444494999997,0.8585262862160012,0.847746275,4.105146499999998,1.0057380044820678,1.5773466480000002,0.5816289359629581,0.740025575,3.014890999999996,1.0061226143102469,0.200806432,0.0286388288626069,0.153011825,0.2633407749999999,1.0000510651552352,110.37211895,38.02649489416496,53.680015,200.28835,1.0007129261058345,0.0753467599354999,0.2567125176682868,-0.430279025,0.5620440499999997,1.0022147072925118,8.440376602170941,3.097963984579775,3.927508453186497,15.994633928135311,1.0044531316269756,0,5
5390,full,0.919507647,0.4064715023986534,0.374152675,1.95300575,1.0009140817275444,0.8621849915,0.3770264576806023,0.350873825,1.78119425,1.0003398384474655,0.5716716545,0.1288412030811682,0.34880895,0.8586989249999998,1.006236083231937,9.94449526,5.102261301789218,3.73140625,23.3877075,1.0029971814581775,-0.0637063543735,0.6361088790701663,-1.288045,1.19097825,0.999926195026552,12.579460014378991,4.9611087916509575,5.791679189585173,24.752835516628146,1.000951475919506,0,5
5497,full,1.7835526695,0.6943980949046612,0.8195674,3.446161749999999,1.0053468569772566,1.7398302875,0.6563243995578377,0.830269925,3.247718749999999,1.0074895111363542,0.14720906085,0.0219668393308428,0.10487915,0.190265,1.0042374479565297,297.56452855000003,158.66481249675033,101.03865,715.049475,1.001644111747586,-0.2680798036795,0.1795647932680391,-0.6157722999999999,0.090849675,1.0023171749986115,8.216406616883974,2.994245030652364,3.8981420071118857,14.910575066368674,1.0046721215862922,0,6
6322,full,1.0675603394999995,0.4408983738548603,0.455998775,2.1092069999999996,1.0018131503599046,0.9222424795,0.3793867738039127,0.4047709499999999,1.856094,1.0027629904466766,0.914495636,0.0790807535610492,0.77203215,1.0800255,1.002988523589602,56.90102677,29.23152052556944,19.236135,132.78217499999997,0.9997706214219676,-0.336796908072,0.7034941904977012,-1.70657125,1.0405407499999988,0.99985916839435,11.384257397095578,4.379602756441551,5.282286231328857,22.274283947924683,1.0035599924509606,0,5
6927,full,2.2791780275,0.9008450524343288,0.974804225,4.487035249999997,1.0033118512767831,2.5488613289999997,1.071784509360579,1.04554475,5.147973,1.005905307000144,0.13511622545,0.0324665588311601,0.08170818,0.2105948999999999,1.0000516760100329,169.2003051,91.59999110504376,53.876650000000005,404.3822499999997,1.0020615982496537,0.1509893100665,0.1845301343846336,-0.234777825,0.5226373,0.9997299036545286,6.290514518403301,2.38939717136929,2.7346679783284444,11.73068508697054,1.006291307125937,0,5
7115,full,0.8526730239999999,0.3638401642918967,0.3636292,1.7545564999999996,1.0052001311372154,1.5512504994999998,0.7013462978905923,0.622778775,3.2918285,1.003751042332253,0.4935645239999999,0.142464687417124,0.2768771,0.8271053499999999,1.0012982865129505,0.7224194865,0.1431188968273524,0.4905607,1.0550469999999998,1.0006110271612678,-0.834190323685,0.7531253979372985,-2.3053405,0.6851964499999993,1.0020556708834836,10.923987224073166,4.522871949693605,4.676155192406638,23.336636594765935,1.0050291622602985,0,6
7162,full,0.7652519265000001,0.280959395327274,0.374894825,1.4234239999999987,1.000691548270769,1.7799378915,0.8198616512919045,0.70568605,3.7947822499999986,1.0008128004992949,0.1542533311999999,0.0259842476874112,0.109857375,0.2108238999999999,1.0025297217175249,76.91214415,34.816592244332014,29.154065,168.36709999999982,0.9998976221223368,-0.13977273160925,0.2165630247429521,-0.5546436499999999,0.2906316749999995,1.0024370750954332,14.605471073126866,5.156891343390311,7.116667604682449,27.10480456410081,1.00194324008033,0,5
7634,full,0.7727826565,0.3288075439655983,0.32023745,1.6324439999999998,1.001279529580364,0.7512736514999999,0.3186991549254377,0.3119685749999999,1.5678895,1.000664129602749,0.7044759890000001,0.1406805919346603,0.4313652,0.982424875,1.0021016717279052,9.199592535,4.138096122543908,3.81048225,19.42137999999998,0.9997555466705976,-0.6424082316809999,0.6878857382053564,-2.02947775,0.6894339249999998,0.9996711985582104,15.230802173852693,6.081890834847678,6.548637752065962,29.578063934438344,1.001292207761593,0,6
7878,full,2.2027528039999997,1.0398189880292033,0.82291435,4.709154999999997,0.9995910879275058,0.5870643915,0.2461681083105198,0.244146375,1.208692,1.000393020129078,0.7997183529999999,0.1635112214504328,0.5031314,1.1418247499999998,1.0005192710443631,1.6615980840000002,0.7223666830851244,0.698742525,3.3745684999999983,1.0049864866116118,0.8750910167650001,0.8031523711278449,-0.665104075,2.502234249999999,1.000307546720258,10.4224294355645,3.993201754556539,4.713293448995606,20.36622723488524,1.00018397586617,0,5
8076,full,1.763127225,0.7623827328506468,0.73616815,3.5819084999999986,0.9992541721617664,1.6372292095,0.6724466972738359,0.716298475,3.247380499999999,0.9997970988737496,0.2064106467999999,0.0559807731226927,0.119021125,0.3362914499999996,0.9994850232015672,12.54112675,2.7815157875535315,7.76310425,18.7590425,0.999585583720896,-0.188282406495,0.3577695051818905,-0.924588325,0.5132213499999991,1.0007462617391412,7.736545336723747,3.0065167498582412,3.397067318309794,15.11103302675376,1.001244865099503,0,5
8078,full,0.5714805024999999,0.2437679217701338,0.2302576,1.1700427499999997,1.0038072469506831,0.5155923585000001,0.2172202302217838,0.209325525,1.0713459999999997,1.0039768905127051,1.25567821,0.3829227204816939,0.6147199,2.0514847499999984,1.002701852394971,0.6833916085,0.2423411950380113,0.3476281,1.2751164999999998,1.0034430971420776,1.6089451712549998,0.90704725225511,-0.146306925,3.4370605,1.0012839040656785,19.89595370875579,7.605053368422546,8.554122359048195,37.802115211215394,1.0034424288776056,0,5
8219,full,0.3938325447,0.1753962934736131,0.15665595,0.8376697999999999,1.013646801857508,0.435349948,0.1938495403618501,0.1737788,0.9088885749999988,1.0091785954620314,0.2835724194999999,0.0923235759337728,0.137740425,0.5106057999999998,1.0065480374736806,12.61081419,6.173139514320122,5.525933,29.189989999999987,1.0063302587877214,-0.0562588179025,0.4346435645807643,-0.936045525,0.7750364499999997,1.0029749370478185,26.147391220538164,10.511218919945968,11.468277881826022,51.16493266799515,1.0068292648574773,0,5
8396,full,0.1662872877499999,0.0663520151587536,0.06999598,0.3267560999999995,0.9992939466874664,0.1737583463,0.0702447788529127,0.075601115,0.3366009999999997,0.9991905114130578,0.970791551,0.1214412998719492,0.75281185,1.22981175,0.9995627063154132,1.208311266,0.2296342207269262,0.816697825,1.7093629999999995,1.002604169014034,-8.179395549999999,0.8747495168112288,-9.82390325,-6.4700885,0.9993672501666988,54.10947955850551,20.560196205215163,24.47378393305962,103.46180420004312,0.9993862466985468,0,6
9120,full,4.381251715,1.7159968922372186,1.952385,8.547443749999994,1.0104508923562048,4.5305300100000006,1.9040085742924555,1.92568725,9.359505749999997,1.012539093220355,0.0700310983499999,0.014995246760501,0.0453770525,0.1052196749999999,1.0044221050350273,111.9637746,19.436236679765987,76.834235,151.76474999999994,0.9989415776043584,0.0290242726350949,0.1222019906856008,-0.20691105,0.2582688999999999,1.0005674712178063,4.3590999594608695,1.8117241030625553,1.833978001733708,8.82141282823268,1.0087620740672445,0,7
9949,full,0.8008307539999999,0.3349435826296271,0.328924225,1.6363647499999998,1.0011122514854225,0.6934740939999999,0.2881225308293885,0.306693775,1.37255925,1.0017189114374832,1.5170731780000002,0.1995147253251225,1.1636855,1.9404727499999996,1.0024591269238443,6.5076706685,4.141829405380618,1.7926577499999998,17.878052499999985,0.9994421703536088,8.417951575,0.8618955655137666,6.695385,10.0305625,1.0000295653867628,15.395086222998376,5.859058784863818,6.773913660512096,30.059785738235643,1.0009647610198151,0,5
10200,full,1.353605857,0.559988015687121,0.58645845,2.7017414999999985,1.001587282008303,1.719897008,0.739944507697496,0.6824392,3.491875999999998,1.001351535201715,0.2599466923499999,0.0605267231423001,0.15679735,0.39367825,1.0000030891450808,49.64817969,21.290905918484835,20.4739275,102.32902499999992,1.002348778391268,0.0368078789771499,0.3368233547882092,-0.612050375,0.6948749249999998,0.999889249305008,8.795003254906428,3.2958610149034224,3.900886188517073,17.002812631704487,1.001322394486451,0,5
10684,full,1.1764151185,0.5191279550727764,0.480832575,2.483109,1.002276580524603,1.082108903,0.4591235519802845,0.449964125,2.185923749999998,1.002467871221259,0.2591442065,0.0526383369726806,0.17729755,0.3872684249999998,1.00175277178445,59.22979105,30.21889709115387,19.49748,138.05335,0.9998004420881532,-0.77267107777,0.3377245494819614,-1.46511025,-0.1212469000000004,1.0001573129277803,10.723836226007233,4.260972828424346,4.788406983383805,21.07562407877691,1.0028277714876486,0,5
13333,full,1.7937047935,0.8701172060200562,0.681218325,3.876896999999999,1.0008275131145898,1.2156947864999998,0.5024709780893708,0.50530845,2.401348249999999,0.999840613364114,0.14562969015,0.0398716766953882,0.08167973,0.2398900499999999,1.001063656480795,121.05141637,66.85405201039916,36.705022500000005,286.5250999999998,1.0007257798488502,0.0740379772418,0.1971955200761617,-0.330258875,0.44497295,1.0001048791046834,10.498344589161814,4.010409049413059,4.839204036102194,19.765319118376382,1.001568620744678,0,5
14242,full,0.8948958385000001,0.349208206840638,0.404440425,1.6982367499999975,1.002203583782026,0.914279596,0.3533830961217416,0.4072081,1.7635492499999996,1.0015044026337274,0.2733820604999999,0.0297059220217184,0.21673655,0.334195025,0.9989349091086328,133.12406034999998,42.15428073323611,66.5081,230.30529999999985,1.0012760385918194,-0.166895775348,0.3074741922371498,-0.76676225,0.4659909999999998,1.001384429731189,13.299141822375152,5.06226985009705,6.199316343118055,24.810940701966512,1.0007544837412192,0,6
14420,full,0.5922239255,0.2447789562555321,0.2581917999999999,1.243953,1.0089181268668497,0.2430631667999999,0.0954602686621052,0.10861115,0.4828880749999999,1.0124430107217042,1.1388601939999998,0.1947098207494231,0.8471883750000001,1.5990009999999997,1.0009332168858245,0.6148068405,0.1619057267142224,0.3745947,1.0097202499999998,1.00331836611943,1.8281007499,0.913546734838798,0.0555616675,3.671048749999996,1.001278429924279,28.125299250314413,10.775379971259852,12.961845694268504,54.750911795664614,1.0081920951378611,0,5
18045,full,0.7959158725,0.3219772437014657,0.355,1.5631534999999994,1.0024693642154543,0.5973287505000001,0.2434101718919599,0.274176975,1.1629962499999995,1.0047381936921227,0.6405534499999999,0.0896996733629348,0.477590925,0.829827875,1.001128595586276,15.5311952,6.099612010791281,7.864148,30.177784999999997,1.0009377415284506,4.63391977,0.6466187558982393,3.3534627500000003,5.930950249999999,0.9997499368441616,15.95427833669566,6.333793153169195,7.311659737280984,30.792544273325788,1.0044542748250718,0,6
19018,full,1.013997146,0.397679286777673,0.475008625,1.9614122499999995,0.9996899403262992,1.1370543699999998,0.445584454178508,0.52558955,2.19128475,0.99992149826174,0.5190135335,0.0654587712589019,0.3997012,0.65500545,0.9987146019752264,20.7091212,5.8662156466871025,12.3020725,35.35505499999999,0.999449475907134,-1.301496092405,0.5374304085522387,-2.383297,-0.234286500000001,0.9993415609889652,11.08886726151984,4.210425459385449,5.375274729068957,21.543221061998832,1.0009997163132744,0,6
19991,full,1.988248589,0.6888026973951753,0.9319981,3.5580529999999992,1.0015712454848014,4.515214981,2.045132294900179,1.743513,9.646940249999997,1.0059014731095213,0.17906763395,0.0326480655835776,0.12298005,0.251995625,1.002463137266921,81.09366865000001,35.247957900857635,33.1046875,166.92214999999987,0.9991637798977744,0.538116912596,0.2509375247291746,0.032409265,1.0250562499999998,0.9994686715869022,9.804650918881496,3.154746353868255,5.082605260341355,17.150916602950243,1.0057514054414574,0,5
20270,full,2.316911158,0.9560233740388204,0.973185425,4.703277249999998,1.00507320217748,1.629713229,0.6214347313559472,0.75928345,3.123263999999999,1.0081380929068104,0.247896366,0.0535367016833182,0.16091155,0.3720701749999998,1.0006061144688772,21.81289559,9.98465176105834,8.819967,48.01238249999997,0.9988995550936874,0.88377467782,0.376554650274638,0.18621245,1.5963387499999964,1.0016001105042434,6.880772339159902,2.4403510375689947,3.1902762045319033,12.749448872135677,1.0064454966424377,0,5
21669,full,0.9041512635,0.356343335778576,0.384736775,1.7536112499999992,1.0025456668972823,0.591737359,0.2236917057014205,0.2706707499999999,1.1491144999999998,1.0027517984684786,0.328758939,0.0596249113752593,0.221307125,0.4544745249999999,1.0036266168126564,23.5674831,7.794944679581611,12.84736,43.4044475,1.0004032714638451,0.1130163522819499,0.4213891299457037,-0.6866483250000001,0.9455142999999998,0.9986581358460348,15.75552759612372,5.916791164748912,7.204447185826984,30.181645660203113,1.0025291432624994,0,6
22962,full,1.01546301,0.4317778888760447,0.41425495,2.0363534999999997,1.0034185196447163,0.7785234835,0.3189391833723379,0.33812815,1.5555834999999976,1.0036844632795543,0.5905320365,0.1609086858391131,0.3252729749999999,0.930254975,1.0038334883861932,7.505244625,3.862144048731849,3.14970525,17.201144999999983,1.0028322784345756,-0.6750180448599999,0.654619317868414,-1.9919345,0.5634711999999993,1.0037614131373236,13.050888617244295,4.8194027190753,5.972081365603526,24.54324248872908,1.0002839821956178,0,5
23249,full,1.044187596,0.4205647705028916,0.46054955,2.0436832499999986,1.001211738899006,1.1404786735,0.4693265176319437,0.48758295,2.250155499999998,1.001165942323058,0.1766911527,0.0409985734237406,0.1030418249999999,0.26557935,0.9991705890564916,36.73934175,9.021513710405005,22.86124,58.06971749999998,0.9993713592128644,0.0236606871665,0.269659748149635,-0.500718775,0.5533629999999989,1.0002365730504552,11.731489788913034,4.639388980163502,5.226181090863696,23.212503985798666,1.0013724685001866,0,6
23652,full,0.8679055295000001,0.3849983599592442,0.3476255749999999,1.9235409999999984,1.0025669318920216,0.91209613,0.4022545078222452,0.3712893,1.8624959999999997,1.0037562068128043,0.372534516,0.0751137858655471,0.2370106,0.535983625,0.99914711743082,32.983113180000004,14.692631831407224,13.225735,69.79771999999998,0.9988301931643314,-0.0465061787304999,0.4480047201322867,-0.96352515,0.8495887249999997,0.9999703184731386,13.109287710607203,5.158085034029802,5.669833532686788,25.62700793028416,1.0044361446314602,0,5
37077,full,0.9186511855,0.3578431109900379,0.401040025,1.7809342499999985,1.0002678053721876,0.62243851,0.2365085584834952,0.29601645,1.20666675,1.0002237732830557,0.6025744415,0.0489398035294312,0.5161382250000001,0.7013993749999999,1.0018874660126331,37.827857,10.875099496995684,21.281825,62.87245749999999,1.000297262718647,0.4278679460505,0.58443279697998,-0.73395395,1.5597299999999994,1.0009853066114274,16.679211888416354,6.216119421444946,7.846946133788291,31.48280398973577,1.0016742388167914,0,5
38128,full,1.3471685575,0.5785344787260325,0.55487585,2.7230267499999994,1.0044597130692727,1.2568112729999998,0.5310689638780642,0.5172158250000001,2.549746,1.0038846102323489,0.24069034,0.057488713839673,0.1335574749999999,0.3521537,1.0035387004729792,53.719045,29.1265456909452,22.4111975,133.13847499999997,1.0026101396252836,0.0707910180895,0.3193249097469519,-0.5301658499999999,0.6932456749999998,0.9993442259059891,9.82635847446662,3.9497792399668543,4.375400041164821,20.227310761763075,1.0037179003218786,0,6
38760,full,1.373224846,0.5775038263332929,0.5785319250000001,2.7640229999999946,1.0048861448835804,1.0243699935,0.4155427698147666,0.455991575,2.0545292499999994,1.0034704934084273,0.309288115,0.0741600415639794,0.18528215,0.4815757249999999,1.0002540343580562,2.6749665,0.4552665550251987,1.87515825,3.66189175,1.0001845132341092,0.0047910547195,0.5486669510464851,-1.05583,1.1312844999999991,1.0006947746964985,11.324583973853024,4.117036723257311,5.4686322177504705,21.38256279253947,1.003552859089427,0,6
