M0,M_new,T0_days,T_new_days,contest_id,lower_prize,multiplier,required_prize_change_abs,required_prize_change_pct,status,theta0,theta_new
6.282643995709015,6.282643995709015,30.5,30.5,2445,False,1.0,0.0,0.0,ok,5.0,5.0
6.282643995709015,6.282643896642746,30.5,30.805,2445,True,1.01,-0.2096605813503265,-4.19321162700653,ok,5.0,4.7903394186496735
6.282643995709015,6.282643908898603,30.5,31.11,2445,True,1.02,-0.35785471349954534,-7.157094269990907,ok,5.0,4.642145286500455
6.282643995709015,6.282643931778064,30.5,32.025,2445,True,1.05,-0.666772692501544,-13.335453850030882,ok,5.0,4.333227307498456
6.282643995709015,6.2826439449611,30.5,33.550000000000004,2445,True,1.1,-1.0034804823994636,-20.069609647989274,ok,5.0,3.9965195176005364
0.4817176924005191,0.4817176924005191,28.041666666666668,28.041666666666668,2454,False,1.0,0.0,0.0,ok,0.15,0.15
0.4817176924005191,0.48171759457553553,28.041666666666668,28.322083333333335,2454,True,1.01,-0.0018524497747421098,-1.2349665164947399,ok,0.15,0.14814755022525788
0.4817176924005191,0.481717603625712,28.041666666666668,28.602500000000003,2454,True,1.02,-0.003656095862388603,-2.4373972415924023,ok,0.15,0.1463439041376114
0.4817176924005191,0.4817175983365881,28.041666666666668,29.44375,2454,True,1.05,-0.008792845606803906,-5.861897071202605,ok,0.15,0.1412071543931961
0.4817176924005191,0.4817175995155474,28.041666666666668,30.84583333333334,2454,True,1.1,-0.01653759479522704,-11.025063196818026,ok,0.15,0.13346240520477295
1.4139013631191484,1.4139013631191484,13.083333333333334,13.083333333333334,2464,False,1.0,0.0,0.0,ok,0.95,0.95
1.4139013631191484,1.4139013034701322,13.083333333333334,13.214166666666667,2464,True,1.01,-0.003385738134384031,-0.356393487829898,ok,0.95,0.9466142618656159
1.4139013631191484,1.4139012930224177,13.083333333333334,13.345,2464,True,1.02,-0.005527254343032695,-0.5818162466350205,ok,0.95,0.9444727456569673
1.4139013631191484,1.4139013029661964,13.083333333333334,13.7375,2464,True,1.05,-0.02497604489326466,-2.629057357185754,ok,0.95,0.9250239551067353
1.4139013631191484,1.4139012948281036,13.083333333333334,14.39166666666667,2464,True,1.1,-0.04786677002906803,-5.038607371480845,ok,0.95,0.9021332299709319
4.231595450684223,4.231595450684223,44.208333333333336,44.208333333333336,2478,False,1.0,0.0,0.0,ok,0.95,0.95
4.231595450684223,4.231595382867075,44.208333333333336,44.65041666666667,2478,True,1.01,-0.003747513294219962,-0.39447508360210126,ok,0.95,0.94625248670578
4.231595450684223,4.2315954548525,44.208333333333336,45.0925,2478,True,1.02,-0.009939011931419328,-1.0462117822546662,ok,0.95,0.9400609880685806
4.231595450684223,4.231595439797232,44.208333333333336,46.41875,2478,True,1.05,-0.023849706649780256,-2.5104954368189745,ok,0.95,0.9261502933502197
4.231595450684223,4.231595428181824,44.208333333333336,48.62916666666667,2478,True,1.1,-0.044563869833946335,-4.690933666731193,ok,0.95,0.9054361301660536
2.978001843575243,2.978001843575243,42.875,42.875,2489,False,1.0,0.0,0.0,ok,0.5,0.5
2.978001843575243,2.9780017559601033,42.875,43.30375,2489,True,1.01,-0.0034857398271560536,-0.6971479654312107,ok,0.5,0.49651426017284395
2.978001843575243,2.978001801145282,42.875,43.7325,2489,True,1.02,-0.0051729279756546065,-1.0345855951309213,ok,0.5,0.4948270720243454
2.978001843575243,2.978001746189994,42.875,45.018750000000004,2489,True,1.05,-0.01382119834423079,-2.764239668846158,ok,0.5,0.4861788016557692
2.978001843575243,2.978001798304157,42.875,47.1625,2489,True,1.1,-0.026498357653617965,-5.299671530723593,ok,0.5,0.47350164234638203
1.4585287726162186,1.4585287726162186,17.625,17.625,2549,False,1.0,0.0,0.0,ok,0.5,0.5
1.4585287726162186,1.4585286839891958,17.625,17.80125,2549,True,1.01,-0.0033206951618195424,-0.6641390323639085,ok,0.5,0.49667930483818046
1.4585287726162186,1.4585286830028048,17.625,17.9775,2549,True,1.02,-0.006608270406723071,-1.3216540813446143,ok,0.5,0.49339172959327693
1.4585287726162186,1.4585287011187031,17.625,18.50625,2549,True,1.05,-0.01616660833358763,-3.2333216667175257,ok,0.5,0.48383339166641237
1.4585287726162186,1.4585286924956746,17.625,19.387500000000003,2549,True,1.1,-0.030397045016288815,-6.079409003257763,ok,0.5,0.4696029549837112
6.84738667208768,6.84738667208768,83.20833333333333,83.20833333333333,2551,False,1.0,0.0,0.0,ok,1.5,1.5
6.84738667208768,6.8473866005154465,83.20833333333333,84.04041666666666,2551,True,1.01,-0.05291505634784688,-3.5276704231897917,ok,1.5,1.4470849436521531
6.84738667208768,6.847386575376147,83.20833333333333,84.8725,2551,True,1.02,-0.09087026834487899,-6.0580178896586,ok,1.5,1.409129731655121
6.84738667208768,6.847386574154567,83.20833333333333,87.36875,2551,True,1.05,-0.17117980808019673,-11.411987205346449,ok,1.5,1.3288201919198033
6.84738667208768,6.847386619168417,83.20833333333333,91.52916666666667,2551,True,1.1,-0.260449970066547,-17.363331337769804,ok,1.5,1.239550029933453
36.5451662627791,36.5451662627791,77.625,77.625,2667,False,1.0,0.0,0.0,ok,30.0,30.0
36.5451662627791,36.54516630801085,77.625,78.40125,2667,True,1.01,-0.7932446822524071,-2.6441489408413568,ok,30.0,29.206755317747593
36.5451662627791,36.54516628803439,77.625,79.1775,2667,True,1.02,-1.8259379392862343,-6.086459797620781,ok,30.0,28.174062060713766
36.5451662627791,36.54516623072245,77.625,81.50625000000001,2667,True,1.05,-5.717345513403416,-19.057818378011387,ok,30.0,24.282654486596584
36.5451662627791,36.5451662657749,77.625,85.3875,2667,True,1.1,-8.788840046823026,-29.296133489410085,ok,30.0,21.211159953176974
5.111957979934119,5.111957979934119,31.5,31.5,2749,False,1.0,0.0,0.0,ok,3.0,3.0
5.111957979934119,5.111957939231144,31.5,31.815,2749,True,1.01,-0.057968843281269944,-1.9322947760423315,ok,3.0,2.94203115671873
5.111957979934119,5.111957893231065,31.5,32.13,2749,True,1.02,-0.11116331845521943,-3.7054439485073143,ok,3.0,2.8888366815447806
5.111957979934119,5.111957938862015,31.5,33.075,2749,True,1.05,-0.24900843888521162,-8.30028129617372,ok,3.0,2.7509915611147884
5.111957979934119,5.111957917499363,31.5,34.650000000000006,2749,True,1.1,-0.429996634721757,-14.333221157391899,ok,3.0,2.570003365278243
5.161270581198514,5.161270581198514,49.625,49.625,2762,False,1.0,0.0,0.0,ok,1.0,1.0
5.161270581198514,5.161270506522176,49.625,50.12125,2762,True,1.01,-0.0055714148283004805,-0.557141482830048,ok,1.0,0.9944285851716995
5.161270581198514,5.161270650447943,49.625,50.6175,2762,True,1.02,-0.011047294735908486,-1.1047294735908486,ok,1.0,0.9889527052640915
5.161270581198514,5.161270547422253,49.625,52.10625,2762,True,1.05,-0.02693028509616846,-2.693028509616846,ok,1.0,0.9730697149038315
5.161270581198514,5.1612706090719565,49.625,54.587500000000006,2762,True,1.1,-0.05174502342939369,-5.174502342939369,ok,1.0,0.9482549765706063
2.033542633877168,2.033542633877168,16.5,16.5,2860,False,1.0,0.0,0.0,ok,1.0,1.0
2.033542633877168,2.033542568128138,16.5,16.665,2860,True,1.01,-0.00576738238334662,-0.576738238334662,ok,1.0,0.9942326176166534
2.033542633877168,2.033542565521849,16.5,16.830000000000002,2860,True,1.02,-0.011437430083751865,-1.1437430083751865,ok,1.0,0.9885625699162481
2.033542633877168,2.0335425695098417,16.5,17.325,2860,True,1.05,-0.02789000093936933,-2.789000093936933,ok,1.0,0.9721099990606307
2.033542633877168,2.0335425683530595,16.5,18.150000000000002,2860,True,1.1,-0.05359565109014519,-5.359565109014519,ok,1.0,0.9464043489098548
0.9011630853504913,0.9011630853504913,14.041666666666666,14.041666666666666,3064,False,1.0,0.0,0.0,ok,0.2,0.2
0.9011630853504913,0.9011629860133488,14.041666666666666,14.182083333333333,3064,True,1.01,-0.001529951989650724,-0.764975994825362,ok,0.2,0.1984700480103493
0.9011630853504913,0.9011630006014132,14.041666666666666,14.3225,3064,True,1.02,-0.002768248617649016,-1.384124308824508,ok,0.2,0.197231751382351
0.9011630853504913,0.9011630169980633,14.041666666666666,14.74375,3064,True,1.05,-0.005791040956974025,-2.8955204784870126,ok,0.2,0.19420895904302599
0.9011630853504913,0.9011629977593639,14.041666666666666,15.445833333333335,3064,True,1.1,-0.011448810696601835,-5.724405348300918,ok,0.2,0.18855118930339818
1.2851201828864818,1.2851201828864818,30.833333333333332,30.833333333333332,3080,False,1.0,0.0,0.0,ok,0.09,0.09
1.2851201828864818,1.2851200904613,30.833333333333332,31.141666666666666,3080,True,1.01,-0.000816018581390382,-0.90668731265598,ok,0.09,0.08918398141860961
1.2851201828864818,1.28512010109806,30.833333333333332,31.45,3080,True,1.02,-0.001612963676452639,-1.7921818627251545,ok,0.09,0.08838703632354736
1.2851201828864818,1.2851200851670992,30.833333333333332,32.375,3080,True,1.05,-0.003896317481994621,-4.32924164666069,ok,0.09,0.08610368251800538
1.2851201828864818,1.285120095522768,30.833333333333332,33.91666666666667,3080,True,1.1,-0.007380204200744617,-8.200226889716241,ok,0.09,0.08261979579925538
2.036315851093918,2.036315851093918,32.416666666666664,32.416666666666664,3288,False,1.0,0.0,0.0,ok,1.0,1.0
2.036315851093918,2.0363157820862803,32.416666666666664,32.740833333333335,3288,True,1.01,-0.005581947863102066,-0.5581947863102066,ok,1.0,0.9944180521368979
2.036315851093918,2.0363157737222046,32.416666666666664,33.065,3288,True,1.02,-0.01101327627897275,-1.101327627897275,ok,1.0,0.9889867237210272
2.036315851093918,2.0363157715114535,32.416666666666664,34.0375,3288,True,1.05,-0.026152728796005276,-2.6152728796005276,ok,1.0,0.9738472712039947
2.036315851093918,2.0363157610555267,32.416666666666664,35.65833333333333,3288,True,1.1,-0.04506457149982446,-4.506457149982445,ok,1.0,0.9549354285001755
6.190865934976198,6.190865934976198,31.375,31.375,3338,False,1.0,0.0,0.0,ok,1.5,1.5
6.190865934976198,6.190865839254222,31.375,31.68875,3338,True,1.01,-0.014754424691200363,-0.9836283127466908,ok,1.5,1.4852455753087996
6.190865934976198,6.190865942529997,31.375,32.0025,3338,True,1.02,-0.0289381504058841,-1.92921002705894,ok,1.5,1.471061849594116
6.190865934976198,6.190865899699357,31.375,32.94375,3338,True,1.05,-0.06845283776521649,-4.5635225176811,ok,1.5,1.4315471622347835
6.190865934976198,6.1908658795272045,31.375,34.5125,3338,True,1.1,-0.12599605321884155,-8.399736881256104,ok,1.5,1.3740039467811584
12.587293564704433,12.587293564704433,39.75,39.75,3353,False,1.0,0.0,0.0,ok,10.0,10.0
12.587293564704433,12.587293513732554,39.75,40.1475,3353,True,1.01,-0.8852757614851008,-8.852757614851008,ok,10.0,9.1147242385149
12.587293564704433,12.58729351846939,39.75,40.545,3353,True,1.02,-1.156121140122412,-11.56121140122412,ok,10.0,8.843878859877588
12.587293564704433,12.587293525280304,39.75,41.737500000000004,3353,True,1.05,-1.674906409084798,-16.74906409084798,ok,10.0,8.325093590915202
12.587293564704433,12.587293494320296,39.75,43.725,3353,True,1.1,-2.2236213970184338,-22.236213970184338,ok,10.0,7.776378602981566
0.7359546561614422,0.7359546561614422,16.125,16.125,3366,False,1.0,0.0,0.0,ok,0.5,0.5
0.7359546561614422,0.7359545644549549,16.125,16.28625,3366,True,1.01,-0.005257261097431187,-1.0514522194862375,ok,0.5,0.4947427389025688
0.7359546561614422,0.735954578568553,16.125,16.4475,3366,True,1.02,-0.010386773943901084,-2.077354788780217,ok,0.5,0.4896132260560989
0.7359546561614422,0.7359545676769094,16.125,16.931250000000002,3366,True,1.05,-0.025055406987667117,-5.011081397533424,ok,0.5,0.4749445930123329
0.7359546561614422,0.7359545628537746,16.125,17.7375,3366,True,1.1,-0.04734822154045104,-9.469644308090208,ok,0.5,0.45265177845954896
1.3764870702551422,1.3764870702551422,18.75,18.75,3507,False,1.0,0.0,0.0,ok,0.5,0.5
1.3764870702551422,1.3764869782825364,18.75,18.9375,3507,True,1.01,-0.003100304603576687,-0.6200609207153374,ok,0.5,0.4968996953964233
1.3764870702551422,1.3764870032279457,18.75,19.125,3507,True,1.02,-0.005975633263587965,-1.195126652717593,ok,0.5,0.49402436673641204
1.3764870702551422,1.3764869888502396,18.75,19.6875,3507,True,1.05,-0.012029422521591115,-2.405884504318223,ok,0.5,0.4879705774784089
1.3764870702551422,1.3764870092591865,18.75,20.625,3507,True,1.1,-0.026196598410606398,-5.2393196821212795,ok,0.5,0.4738034015893936
1.2461232915313158,1.2461232915313158,37.041666666666664,37.041666666666664,3509,False,1.0,0.0,0.0,ok,0.2,0.2
1.2461232915313158,1.2461232197496306,37.041666666666664,37.41208333333333,3509,True,1.01,-0.0011788636445999312,-0.5894318222999656,ok,0.2,0.19882113635540008
1.2461232915313158,1.2461232170727963,37.041666666666664,37.7825,3509,True,1.02,-0.0025164058804511835,-1.2582029402255916,ok,0.2,0.19748359411954883
1.2461232915313158,1.2461232245206553,37.041666666666664,38.89375,3509,True,1.05,-0.005307179689407304,-2.653589844703652,ok,0.2,0.1946928203105927
1.2461232915313158,1.2461231998227575,37.041666666666664,40.74583333333334,3509,True,1.1,-0.0103195613622665,-5.15978068113325,ok,0.2,0.1896804386377335
18.824318341088908,18.824318341088908,53.5,53.5,3526,False,1.0,0.0,0.0,ok,5.0,5.0
18.824318341088908,18.824318992797874,53.5,54.035000000000004,3526,True,1.01,-0.03726792275905577,-0.7453584551811154,ok,5.0,4.962732077240944
18.824318341088908,18.824318320928803,53.5,54.57,3526,True,1.02,-0.07371375679969727,-1.4742751359939454,ok,5.0,4.926286243200303
18.824318341088908,18.824318792407603,53.5,56.175000000000004,3526,True,1.05,-0.17822817981243233,-3.5645635962486466,ok,5.0,4.821771820187568
18.824318341088908,18.824318466979786,53.5,58.85,3526,True,1.1,-0.33724613308906726,-6.744922661781345,ok,5.0,4.662753866910933
5.34482958945781,5.34482958945781,88.91666666666667,88.91666666666667,3641,False,1.0,0.0,0.0,ok,1.5,1.5
5.34482958945781,5.344829506469995,88.91666666666667,89.80583333333334,3641,True,1.01,-0.3329655078053473,-22.197700520356488,ok,1.5,1.1670344921946527
5.34482958945781,5.3448295142444335,88.91666666666667,90.69500000000001,3641,True,1.02,-0.37353762239217736,-24.90250815947849,ok,1.5,1.1264623776078226
5.34482958945781,5.344829514098886,88.91666666666667,93.36250000000001,3641,True,1.05,-0.45688946902751937,-30.459297935167957,ok,1.5,1.0431105309724806
5.34482958945781,5.344829503963783,88.91666666666667,97.80833333333335,3641,True,1.1,-0.5459165111184121,-36.394434074560806,ok,1.5,0.9540834888815879
2.76552240304444,2.76552240304444,51.833333333333336,51.833333333333336,3774,False,1.0,0.0,0.0,ok,0.5,0.5
2.76552240304444,2.765522373797823,51.833333333333336,52.35166666666667,3774,True,1.01,-0.0038137847185134577,-0.7627569437026915,ok,0.5,0.49618621528148654
2.76552240304444,2.765522357264445,51.833333333333336,52.870000000000005,3774,True,1.02,-0.007545309960842184,-1.5090619921684367,ok,0.5,0.4924546900391578
2.76552240304444,2.765522335547304,51.833333333333336,54.425000000000004,3774,True,1.05,-0.01827477574348446,-3.6549551486968923,ok,0.5,0.48172522425651554
2.76552240304444,2.765522378760852,51.833333333333336,57.01666666666667,3774,True,1.1,-0.034758695662021555,-6.951739132404311,ok,0.5,0.46524130433797845
2.3317877143676804,2.3317877143676804,30.75,30.75,3800,False,1.0,0.0,0.0,ok,3.0,3.0
2.3317877143676804,2.331787627958878,30.75,31.0575,3800,True,1.01,-0.05583085238933583,-1.861028412977861,ok,3.0,2.944169147610664
2.3317877143676804,2.3317876292284043,30.75,31.365000000000002,3800,True,1.02,-0.10892490178346614,-3.6308300594488716,ok,3.0,2.891075098216534
2.3317877143676804,2.3317876491158613,30.75,32.2875,3800,True,1.05,-0.2538986486196526,-8.463288287321754,ok,3.0,2.7461013513803474
2.3317877143676804,2.3317876602939402,30.75,33.825,3800,True,1.1,-0.4574390706419953,-15.247969021399845,ok,3.0,2.5425609293580047
2.759839398196102,2.759839398196102,25.791666666666668,25.791666666666668,3926,False,1.0,0.0,0.0,ok,0.3,0.3
2.759839398196102,2.759839342637528,25.791666666666668,26.049583333333334,3926,True,1.01,-0.0020957705378533142,-0.6985901792844381,ok,0.3,0.2979042294621467
2.759839398196102,2.759839307803086,25.791666666666668,26.3075,3926,True,1.02,-0.003921059966087381,-1.3070199886957938,ok,0.3,0.2960789400339126
2.759839398196102,2.7598393053982835,25.791666666666668,27.08125,3926,True,1.05,-0.009294832348823556,-3.0982774496078522,ok,0.3,0.29070516765117643
2.759839398196102,2.759839305986001,25.791666666666668,28.370833333333337,3926,True,1.1,-0.01798186004161839,-5.993953347206131,ok,0.3,0.2820181399583816
2.197080342265185,2.197080342265185,28.833333333333332,28.833333333333332,3928,False,1.0,0.0,0.0,ok,0.68,0.68
2.197080342265185,2.197080248611698,28.833333333333332,29.121666666666666,3928,True,1.01,-0.005046919584274279,-0.7421940565109233,ok,0.68,0.6749530804157258
2.197080342265185,2.1970802677230306,28.833333333333332,29.41,3928,True,1.02,-0.009984536767005725,-1.4683142304420183,ok,0.68,0.6700154632329943
2.197080342265185,2.197080281930959,28.833333333333332,30.275,3928,True,1.05,-0.02417346209287652,-3.5549208960112524,ok,0.68,0.6558265379071235
2.197080342265185,2.1970802728598597,28.833333333333332,31.71666666666667,3928,True,1.1,-0.045998480021953614,-6.764482356169649,ok,0.68,0.6340015199780464
6.344359461893235,6.344359461893235,40.333333333333336,40.333333333333336,3929,False,1.0,0.0,0.0,ok,8.0,8.0
6.344359461893235,6.344359525168291,40.333333333333336,40.73666666666667,3929,True,1.01,-0.07538992047309723,-0.9423740059137153,ok,8.0,7.924610079526903
6.344359461893235,6.344359415885623,40.333333333333336,41.14,3929,True,1.02,-0.09318990826606655,-1.1648738533258318,ok,8.0,7.9068100917339335
6.344359461893235,6.344359482974577,40.333333333333336,42.35,3929,True,1.05,-0.22195383697748206,-2.7744229622185257,ok,8.0,7.778046163022518
6.344359461893235,6.344359405599453,40.333333333333336,44.366666666666674,3929,True,1.1,-0.419143374264241,-5.239292178303012,ok,8.0,7.580856625735759
9.462185174138488,9.462185174138488,56.708333333333336,56.708333333333336,3960,False,1.0,0.0,0.0,ok,8.0,8.0
9.462185174138488,9.462185107578431,56.708333333333336,57.27541666666667,3960,True,1.01,-2.4834073776006687,-31.04259222000836,ok,8.0,5.516592622399331
9.462185174138488,9.462185157384448,56.708333333333336,57.8425,3960,True,1.02,-2.6093131452798843,-32.616414315998554,ok,8.0,5.390686854720116
9.462185174138488,9.462185116837482,56.708333333333336,59.54375,3960,True,1.05,-2.9095998346805567,-36.36999793350696,ok,8.0,5.090400165319443
9.462185174138488,9.462185212720163,56.708333333333336,62.37916666666668,3960,True,1.1,-3.271404969692231,-40.892562121152885,ok,8.0,4.728595030307769
15.505831058122965,15.505831058122965,22.333333333333332,22.333333333333332,4104,False,1.0,0.0,0.0,ok,20.0,20.0
15.505831058122965,15.505831220412666,22.333333333333332,22.556666666666665,4104,True,1.01,-0.1694636180996909,-0.8473180904984545,ok,20.0,19.83053638190031
15.505831058122965,15.505831111223465,22.333333333333332,22.779999999999998,4104,True,1.02,-0.32851712822914436,-1.6425856411457218,ok,20.0,19.671482871770856
15.505831058122965,15.505831187846313,22.333333333333332,23.45,4104,True,1.05,-0.7857075756788205,-3.9285378783941027,ok,20.0,19.21429242432118
15.505831058122965,15.505831278615261,22.333333333333332,24.566666666666666,4104,True,1.1,-1.4711691597104064,-7.355845798552032,ok,20.0,18.528830840289594
10.451186614880445,10.451186614880445,31.791666666666668,31.791666666666668,4366,False,1.0,0.0,0.0,ok,8.0,8.0
10.451186614880445,10.451186550590496,31.791666666666668,32.10958333333333,4366,True,1.01,-0.656992472708227,-8.212405908852837,ok,8.0,7.343007527291773
10.451186614880445,10.451186546287303,31.791666666666668,32.4275,4366,True,1.02,-0.9463839560747145,-11.829799450933931,ok,8.0,7.0536160439252855
10.451186614880445,10.451186626848086,31.791666666666668,33.38125,4366,True,1.05,-1.4720955657958985,-18.40119457244873,ok,8.0,6.5279044342041015
10.451186614880445,10.451186639827853,31.791666666666668,34.97083333333334,4366,True,1.1,-1.9958774465322504,-24.94846808165313,ok,8.0,6.00412255346775
7.984760496490427,7.984760496490427,55.083333333333336,55.083333333333336,4407,False,1.0,0.0,0.0,ok,4.0,4.0
7.984760496490427,7.9847605853507195,55.083333333333336,55.63416666666667,4407,True,1.01,-0.022031403779983805,-0.5507850944995951,ok,4.0,3.977968596220016
7.984760496490427,7.984760539377509,55.083333333333336,56.185,4407,True,1.02,-0.03334236234426413,-0.8335590586066033,ok,4.0,3.966657637655736
7.984760496490427,7.984760587106373,55.083333333333336,57.837500000000006,4407,True,1.05,-0.09794269144535006,-2.4485672861337515,ok,4.0,3.90205730855465
7.984760496490427,7.984760495886875,55.083333333333336,60.591666666666676,4407,True,1.1,-0.19405212789773962,-4.851303197443491,ok,4.0,3.8059478721022604
10.075944141151592,10.075944141151592,65.91666666666667,65.91666666666667,4453,False,1.0,0.0,0.0,ok,2.0,2.0
10.075944141151592,10.075944298104416,65.91666666666667,66.57583333333334,4453,True,1.01,-0.3752869042754172,-18.76434521377086,ok,2.0,1.6247130957245828
10.075944141151592,10.07594484305124,65.91666666666667,67.235,4453,True,1.02,-0.38578210055828066,-19.289105027914033,ok,2.0,1.6142178994417193
10.075944141151592,10.075945153373711,65.91666666666667,69.2125,4453,True,1.05,-0.41610877871513363,-20.805438935756683,ok,2.0,1.5838912212848664
10.075944141151592,10.07594437612747,65.91666666666667,72.50833333333334,4453,True,1.1,-0.4633777573704718,-23.16888786852359,ok,2.0,1.5366222426295282
1.5047157903834938,1.5047157903834938,24.25,24.25,4477,False,1.0,0.0,0.0,ok,2.0,2.0
1.5047157903834938,1.5047157112554592,24.25,24.4925,4477,True,1.01,-0.02334421306848533,-1.1672106534242666,ok,2.0,1.9766557869315147
1.5047157903834938,1.5047157038950845,24.25,24.735,4477,True,1.02,-0.04604779601097131,-2.3023898005485655,ok,2.0,1.9539522039890287
1.5047157903834938,1.5047157281770893,24.25,25.462500000000002,4477,True,1.05,-0.11057992398738836,-5.528996199369418,ok,2.0,1.8894200760126116
1.5047157903834938,1.5047157051459723,24.25,26.675,4477,True,1.1,-0.20758236795663842,-10.37911839783192,ok,2.0,1.7924176320433616
1.383791143934835,1.383791143934835,37.041666666666664,37.041666666666664,4488,False,1.0,0.0,0.0,ok,2.0,2.0
1.383791143934835,1.383791073583082,37.041666666666664,37.41208333333333,4488,True,1.01,-0.012970713973045722,-0.6485356986522861,ok,2.0,1.9870292860269543
1.383791143934835,1.383791057610338,37.041666666666664,37.7825,4488,True,1.02,-0.022979892492294374,-1.1489946246147187,ok,2.0,1.9770201075077056
1.383791143934835,1.3837910505161382,37.041666666666664,38.89375,4488,True,1.05,-0.05283354103565241,-2.6416770517826205,ok,2.0,1.9471664589643476
1.383791143934835,1.3837910841458319,37.041666666666664,40.74583333333334,4488,True,1.1,-0.10093583703041076,-5.046791851520538,ok,2.0,1.8990641629695892
10.839921982619918,10.839921982619918,28.5,28.5,4493,False,1.0,0.0,0.0,ok,10.0,10.0
10.839921982619918,10.839921942907392,28.5,28.785,4493,True,1.01,-1.8965610346198076,-18.965610346198076,ok,10.0,8.103438965380192
10.839921982619918,10.839921931899005,28.5,29.07,4493,True,1.02,-2.054299418628217,-20.54299418628217,ok,10.0,7.945700581371783
10.839921982619918,10.839921986329268,28.5,29.925,4493,True,1.05,-2.4175825175642967,-24.175825175642967,ok,10.0,7.582417482435703
10.839921982619918,10.839921902382972,28.5,31.35,4493,True,1.1,-2.848949415385725,-28.489494153857255,ok,10.0,7.151050584614275
7.906065294715901,7.906065294715901,84.375,84.375,4657,False,1.0,0.0,0.0,ok,4.0,4.0
7.906065294715901,7.906065462680437,84.375,85.21875,4657,True,1.01,-2.2183327192068103,-55.45831798017026,ok,4.0,1.7816672807931897
7.906065294715901,7.906065246187692,84.375,86.0625,4657,True,1.02,-2.235439412891865,-55.88598532229663,ok,4.0,1.7645605871081351
7.906065294715901,7.906065358663351,84.375,88.59375,4657,True,1.05,-2.283162309229374,-57.07905773073435,ok,4.0,1.716837690770626
7.906065294715901,7.90606553191945,84.375,92.81250000000001,4657,True,1.1,-2.352901745438576,-58.822543635964394,ok,4.0,1.6470982545614241
10.212892493149166,10.212892493149166,68.58333333333333,68.58333333333333,4699,False,1.0,0.0,0.0,ok,5.0,5.0
10.212892493149166,10.212892457340281,68.58333333333333,69.26916666666666,4699,True,1.01,-1.9974687251448628,-39.94937450289726,ok,5.0,3.002531274855137
10.212892493149166,10.2128924763884,68.58333333333333,69.955,4699,True,1.02,-2.0300978249311448,-40.6019564986229,ok,5.0,2.9699021750688552
10.212892493149166,10.212892557318764,68.58333333333333,72.0125,4699,True,1.05,-2.1187592306733136,-42.375184613466274,ok,5.0,2.8812407693266864
10.212892493149166,10.212892481018033,68.58333333333333,75.44166666666666,4699,True,1.1,-2.243623175024986,-44.87246350049972,ok,5.0,2.756376824975014
7.223254604307519,7.223254604307519,23.583333333333332,23.583333333333332,4986,False,1.0,0.0,0.0,ok,10.0,10.0
7.223254604307519,7.223254524982141,23.583333333333332,23.819166666666664,4986,True,1.01,-3.095037752687931,-30.95037752687931,ok,10.0,6.904962247312069
7.223254604307519,7.223254530735654,23.583333333333332,24.055,4986,True,1.02,-3.229341888427733,-32.29341888427733,ok,10.0,6.770658111572267
7.223254604307519,7.223254553318454,23.583333333333332,24.7625,4986,True,1.05,-3.5591728815436365,-35.59172881543636,ok,10.0,6.4408271184563635
7.223254604307519,7.223254566398064,23.583333333333332,25.941666666666666,4986,True,1.1,-3.9700586673617373,-39.70058667361737,ok,10.0,6.029941332638263
5.045265927189514,5.045265927189514,38.875,38.875,5056,False,1.0,0.0,0.0,ok,5.0,5.0
5.045265927189514,5.045265880986017,38.875,39.26375,5056,True,1.01,-2.087490414083004,-41.74980828166009,ok,5.0,2.912509585916996
5.045265927189514,5.0452658716767935,38.875,39.6525,5056,True,1.02,-2.144010649323464,-42.88021298646928,ok,5.0,2.855989350676536
5.045265927189514,5.045265892888095,38.875,40.81875,5056,True,1.05,-2.2875872245430946,-45.751744490861896,ok,5.0,2.7124127754569054
5.045265927189514,5.045265858031316,38.875,42.7625,5056,True,1.1,-2.472034904062748,-49.44069808125496,ok,5.0,2.527965095937252
5.6718683225878115,5.6718683225878115,29.041666666666668,29.041666666666668,5144,False,1.0,0.0,0.0,ok,20.0,20.0
5.6718683225878115,5.671868318186755,29.041666666666668,29.332083333333333,5144,True,1.01,-0.2370923835039065,-1.1854619175195324,ok,20.0,19.762907616496094
5.6718683225878115,5.67186826320705,29.041666666666668,29.622500000000002,5144,True,1.02,-0.46743970334529905,-2.3371985167264953,ok,20.0,19.5325602966547
5.6718683225878115,5.671868355774903,29.041666666666668,30.493750000000002,5144,True,1.05,-1.1209334269166007,-5.6046671345830035,ok,20.0,18.8790665730834
5.6718683225878115,5.671868265435307,29.041666666666668,31.945833333333336,5144,True,1.1,-2.1000286859273913,-10.500143429636957,ok,20.0,17.89997131407261
6.08845243987917,6.08845243987917,57.708333333333336,57.708333333333336,5174,False,1.0,0.0,0.0,ok,3.0,3.0
6.08845243987917,6.088452391415615,57.708333333333336,58.28541666666667,5174,True,1.01,-0.052815049290656724,-1.7605016430218907,ok,3.0,2.9471849507093433
6.08845243987917,6.088452386592775,57.708333333333336,58.862500000000004,5174,True,1.02,-0.10191915661096607,-3.3973052203655354,ok,3.0,2.898080843389034
6.08845243987917,6.0884523543711895,57.708333333333336,60.59375000000001,5174,True,1.05,-0.2316203433275219,-7.720678110917397,ok,3.0,2.768379656672478
6.08845243987917,6.088452378269758,57.708333333333336,63.47916666666667,5174,True,1.1,-0.40628412097692523,-13.542804032564176,ok,3.0,2.5937158790230748
11.247337658969723,11.247337658969723,39.083333333333336,39.083333333333336,5229,False,1.0,0.0,0.0,ok,15.0,15.0
11.247337658969723,11.247337570636889,39.083333333333336,39.47416666666667,5229,True,1.01,-0.03654709190130134,-0.24364727934200894,ok,15.0,14.963452908098699
11.247337658969723,11.247337817779409,39.083333333333336,39.865,5229,True,1.02,-0.15840036511421296,-1.0560024340947531,ok,15.0,14.841599634885787
11.247337658969723,11.247337867781132,39.083333333333336,41.0375,5229,True,1.05,-0.3808426859974894,-2.5389512399832626,ok,15.0,14.61915731400251
11.247337658969723,11.247337843391888,39.083333333333336,42.991666666666674,5229,True,1.1,-0.6671272712945928,-4.447515141963952,ok,15.0,14.332872728705407
8.78196925786193,8.78196925786193,47.666666666666664,47.666666666666664,5261,False,1.0,0.0,0.0,ok,10.0,10.0
8.78196925786193,8.781969195183729,47.666666666666664,48.14333333333333,5261,True,1.01,-3.2105601918697335,-32.10560191869733,ok,10.0,6.7894398081302665
8.78196925786193,8.781969183725685,47.666666666666664,48.62,5261,True,1.02,-3.4011656516790394,-34.011656516790396,ok,10.0,6.598834348320961
8.78196925786193,8.781969208405298,47.666666666666664,50.05,5261,True,1.05,-3.837278884649278,-38.37278884649278,ok,10.0,6.162721115350722
8.78196925786193,8.78196926476163,47.666666666666664,52.43333333333334,5261,True,1.1,-4.340245715975762,-43.40245715975762,ok,10.0,5.659754284024238
5.451852267957327,5.451852267957327,44.333333333333336,44.333333333333336,5357,False,1.0,0.0,0.0,ok,5.0,5.0
5.451852267957327,5.451852200887184,44.333333333333336,44.77666666666667,5357,True,1.01,-1.2507630735635766,-25.015261471271533,ok,5.0,3.7492369264364234
5.451852267957327,5.45185216905621,44.333333333333336,45.220000000000006,5357,True,1.02,-1.3760785123705865,-27.521570247411727,ok,5.0,3.6239214876294135
5.451852267957327,5.451852225109228,44.333333333333336,46.550000000000004,5357,True,1.05,-1.6437454238533977,-32.874908477067954,ok,5.0,3.3562545761466023
5.451852267957327,5.451852253948584,44.333333333333336,48.76666666666667,5357,True,1.1,-1.9371844002604486,-38.743688005208966,ok,5.0,3.0628155997395514
4.408441412731823,4.408441412731823,22.583333333333332,22.583333333333332,5390,False,1.0,0.0,0.0,ok,4.0,4.0
4.408441412731823,4.408441332735469,22.583333333333332,22.809166666666666,5390,True,1.01,-0.173339925706387,-4.333498142659675,ok,4.0,3.826660074293613
4.408441412731823,4.408441336905968,22.583333333333332,23.035,5390,True,1.02,-0.2981154200434686,-7.4528855010867145,ok,4.0,3.7018845799565314
4.408441412731823,4.408441346490957,22.583333333333332,23.7125,5390,True,1.05,-0.559830317795277,-13.995757944881927,ok,4.0,3.440169682204723
4.408441412731823,4.408441373502825,22.583333333333332,24.84166666666667,5390,True,1.1,-0.8447855901718135,-21.11963975429534,ok,4.0,3.1552144098281865
6.644234043732094,6.644234043732094,64.91666666666667,64.91666666666667,5497,False,1.0,0.0,0.0,ok,4.0,4.0
6.644234043732094,6.644234018357675,64.91666666666667,65.56583333333334,5497,True,1.01,-1.4712341612577435,-36.78085403144359,ok,4.0,2.5287658387422565
6.644234043732094,6.644233976870292,64.91666666666667,66.215,5497,True,1.02,-1.519456603825092,-37.9864150956273,ok,4.0,2.480543396174908
6.644234043732094,6.644234046993935,64.91666666666667,68.16250000000001,5497,True,1.05,-1.6407056656479835,-41.01764164119959,ok,4.0,2.3592943343520165
6.644234043732094,6.6442340364067976,64.91666666666667,71.40833333333335,5497,True,1.1,-1.795014199912548,-44.8753549978137,ok,4.0,2.204985800087452
8.171296125393846,8.171296125393846,28.166666666666668,28.166666666666668,6322,False,1.0,0.0,0.0,ok,10.0,10.0
8.171296125393846,8.171296114060917,28.166666666666668,28.448333333333334,6322,True,1.01,-0.05518128186464111,-0.5518128186464111,ok,10.0,9.944818718135359
8.171296125393846,8.171296216793252,28.166666666666668,28.73,6322,True,1.02,-0.0933329799771343,-0.933329799771343,ok,10.0,9.906667020022866
8.171296125393846,8.171296237385308,28.166666666666668,29.575000000000003,6322,True,1.05,-0.2517611932754509,-2.517611932754509,ok,10.0,9.74823880672455
8.171296125393846,8.171296179267522,28.166666666666668,30.983333333333338,6322,True,1.1,-0.49974336057901425,-4.9974336057901425,ok,10.0,9.500256639420986
6.366920297723471,6.366920297723471,22.75,22.75,6927,False,1.0,0.0,0.0,ok,4.0,4.0
6.366920297723471,6.366920234559434,22.75,22.9775,6927,True,1.01,-0.03581072241067851,-0.8952680602669627,ok,4.0,3.9641892775893215
6.366920297723471,6.3669202067280715,22.75,23.205000000000002,6927,True,1.02,-0.07058097124099794,-1.7645242810249484,ok,4.0,3.929419028759002
6.366920297723471,6.366920334327568,22.75,23.8875,6927,True,1.05,-0.16889490365982107,-4.222372591495526,ok,4.0,3.831105096340179
6.366920297723471,6.366920222349636,22.75,25.025000000000002,6927,True,1.1,-0.31548585891723624,-7.887146472930906,ok,4.0,3.6845141410827638
8.967176191904427,8.967176191904427,60.75,60.75,7115,False,1.0,0.0,0.0,ok,4.0,4.0
8.967176191904427,8.96717611401548,60.75,61.3575,7115,True,1.01,-0.28237216293811773,-7.059304073452943,ok,4.0,3.7176278370618823
8.967176191904427,8.96717613255268,60.75,61.965,7115,True,1.02,-0.40474457949399945,-10.118614487349987,ok,4.0,3.5952554205060006
8.967176191904427,8.967176107812467,60.75,63.7875,7115,True,1.05,-0.6353038930892936,-15.88259732723234,ok,4.0,3.3646961069107064
8.967176191904427,8.967176157477386,60.75,66.825,7115,True,1.1,-0.8756864663958543,-21.89216165989636,ok,4.0,3.1243135336041457
5.339990277869201,5.339990277869201,62.791666666666664,62.791666666666664,7162,False,1.0,0.0,0.0,ok,1.0,1.0
5.339990277869201,5.339990187362868,62.791666666666664,63.41958333333333,7162,True,1.01,-0.009541483819484942,-0.9541483819484942,ok,1.0,0.9904585161805151
5.339990277869201,5.339990193149139,62.791666666666664,64.0475,7162,True,1.02,-0.018796598911285267,-1.8796598911285267,ok,1.0,0.9812034010887147
5.339990277869201,5.3399902188078965,62.791666666666664,65.93125,7162,True,1.05,-0.044992522001266355,-4.4992522001266355,ok,1.0,0.9550074779987336
5.339990277869201,5.339990252303469,62.791666666666664,69.07083333333334,7162,True,1.1,-0.08415499448776265,-8.415499448776265,ok,1.0,0.9158450055122374
4.642263284500726,4.642263284500726,56.25,56.25,7634,False,1.0,0.0,0.0,ok,2.0,2.0
4.642263284500726,4.64226319338576,56.25,56.8125,7634,True,1.01,-0.09339150100946414,-4.669575050473207,ok,2.0,1.9066084989905359
4.642263284500726,4.642263195314307,56.25,57.375,7634,True,1.02,-0.1594893831014632,-7.974469155073161,ok,2.0,1.8405106168985368
4.642263284500726,4.6422631907728675,56.25,59.0625,7634,True,1.05,-0.29654740065336216,-14.827370032668108,ok,2.0,1.7034525993466378
4.642263284500726,4.642263248793027,56.25,61.87500000000001,7634,True,1.1,-0.44418222039937927,-22.209111019968965,ok,2.0,1.5558177796006207
7.778492924043569,7.778492924043569,56.916666666666664,56.916666666666664,7878,False,1.0,0.0,0.0,ok,4.0,4.0
7.778492924043569,7.7784930150635585,56.916666666666664,57.48583333333333,7878,True,1.01,-0.024354811012744726,-0.6088702753186181,ok,4.0,3.9756451889872553
7.778492924043569,7.778492997157573,56.916666666666664,58.055,7878,True,1.02,-0.04884411066770511,-1.2211027666926277,ok,4.0,3.951155889332295
7.778492924043569,7.778493028445178,56.916666666666664,59.7625,7878,True,1.05,-0.11838437050581074,-2.9596092626452686,ok,4.0,3.8816156294941893
7.778492924043569,7.778492832485137,56.916666666666664,62.608333333333334,7878,True,1.1,-0.22698840826749844,-5.674710206687461,ok,4.0,3.7730115917325016
5.70797137492014,5.70797137492014,38.583333333333336,38.583333333333336,8076,False,1.0,0.0,0.0,ok,6.0,6.0
5.70797137492014,5.707971300868873,38.583333333333336,38.969166666666666,8076,True,1.01,-1.3633586814999568,-22.72264469166595,ok,6.0,4.636641318500043
5.70797137492014,5.707971277555936,38.583333333333336,39.355000000000004,8076,True,1.02,-1.5411076882481574,-25.68512813746929,ok,6.0,4.458892311751843
5.70797137492014,5.707971295243952,38.583333333333336,40.5125,8076,True,1.05,-1.9020059865713126,-31.70009977618854,ok,6.0,4.097994013428687
5.70797137492014,5.7079713126719795,38.583333333333336,42.44166666666667,8076,True,1.1,-2.2827588245272636,-38.04598040878773,ok,6.0,3.7172411754727364
5.851674034107248,5.851674034107248,40.25,40.25,8078,False,1.0,0.0,0.0,ok,4.0,4.0
5.851674034107248,5.851673977754419,40.25,40.6525,8078,True,1.01,-0.026418872773647628,-0.6604718193411907,ok,4.0,3.9735811272263524
5.851674034107248,5.851674070793746,40.25,41.055,8078,True,1.02,-0.0478827130794528,-1.19706782698632,ok,4.0,3.952117286920547
5.851674034107248,5.851674080595813,40.25,42.2625,8078,True,1.05,-0.11323361009359356,-2.830840252339839,ok,4.0,3.8867663899064064
5.851674034107248,5.851674102462766,40.25,44.275000000000006,8078,True,1.1,-0.21798385262489406,-5.449596315622351,ok,4.0,3.782016147375106
2.066174453229793,2.066174453229793,27.708333333333332,27.708333333333332,8219,False,1.0,0.0,0.0,ok,0.4,0.4
2.066174453229793,2.066174401601852,27.708333333333332,27.985416666666666,8219,True,1.01,-0.0024551063776016013,-0.6137765944004003,ok,0.4,0.3975448936223984
2.066174453229793,2.066174385218512,27.708333333333332,28.2625,8219,True,1.02,-0.004658472239971179,-1.1646180599927947,ok,0.4,0.39534152776002884
2.066174453229793,2.0661743865655446,27.708333333333332,29.09375,8219,True,1.05,-0.011765495538711646,-2.9413738846779114,ok,0.4,0.3882345044612884
2.066174453229793,2.0661743543919817,27.708333333333332,30.479166666666668,8219,True,1.1,-0.023013609051704464,-5.753402262926116,ok,0.4,0.37698639094829556
3.031120822433241,3.031120822433241,86.04166666666667,86.04166666666667,8396,False,1.0,0.0,0.0,ok,0.5,0.5
3.031120822433241,3.0311208078708924,86.04166666666667,86.90208333333334,8396,True,1.01,-0.0047318255901336315,-0.9463651180267263,ok,0.5,0.49526817440986637
3.031120822433241,3.0311207667788134,86.04166666666667,87.7625,8396,True,1.02,-0.009356288909912136,-1.8712577819824272,ok,0.5,0.49064371109008786
3.031120822433241,3.03112073905496,86.04166666666667,90.34375000000001,8396,True,1.05,-0.022622027695179014,-4.5244055390358024,ok,0.5,0.477377972304821
3.031120822433241,3.031120751848965,86.04166666666667,94.64583333333334,8396,True,1.1,-0.04290160983800878,-8.580321967601757,ok,0.5,0.4570983901619912
14.483610022174323,14.483610022174323,67.20833333333333,67.20833333333333,9120,False,1.0,0.0,0.0,ok,10.0,10.0
14.483610022174323,14.483610132087053,67.20833333333333,67.88041666666666,9120,True,1.01,-5.366631909012794,-53.666319090127935,ok,10.0,4.633368090987206
14.483610022174323,14.483610449724765,67.20833333333333,68.5525,9120,True,1.02,-5.396132903695104,-53.96132903695104,ok,10.0,4.603867096304896
14.483610022174323,14.483610558394593,67.20833333333333,70.56875,9120,True,1.05,-5.480359660685062,-54.803596606850626,ok,10.0,4.519640339314938
14.483610022174323,14.483610237973432,67.20833333333333,73.92916666666667,9120,True,1.1,-5.6082222139835345,-56.082222139835345,ok,10.0,4.3917777860164655
11.753988764585943,11.753988764585943,53.5,53.5,9949,False,1.0,0.0,0.0,ok,5.0,5.0
11.753988764585943,11.753988685843643,53.5,54.035000000000004,9949,True,1.01,-0.23326797127723697,-4.6653594255447395,ok,5.0,4.766732028722763
11.753988764585943,11.753988692842146,53.5,54.57,9949,True,1.02,-0.3463151338696484,-6.926302677392968,ok,5.0,4.653684866130352
11.753988764585943,11.753988695330387,53.5,56.175000000000004,9949,True,1.05,-0.5646247488260281,-11.292494976520562,ok,5.0,4.435375251173972
11.753988764585943,11.753988782530037,53.5,58.85,9949,True,1.1,-0.7999040713906282,-15.998081427812565,ok,5.0,4.200095928609372
2.839562015499058,2.839562015499058,48.333333333333336,48.333333333333336,10200,False,1.0,0.0,0.0,ok,4.0,4.0
2.839562015499058,2.83956191659376,48.333333333333336,48.81666666666667,10200,True,1.01,-0.048132902383804854,-1.2033225595951214,ok,4.0,3.951867097616195
2.839562015499058,2.8395619529482934,48.333333333333336,49.300000000000004,10200,True,1.02,-0.09492472350597403,-2.3731180876493507,ok,4.0,3.905075276494026
2.839562015499058,2.8395619575065756,48.333333333333336,50.75000000000001,10200,True,1.05,-0.22781519830226982,-5.695379957556746,ok,4.0,3.77218480169773
2.839562015499058,2.8395619694747567,48.333333333333336,53.16666666666667,10200,True,1.1,-0.42726018995046644,-10.681504748761661,ok,4.0,3.5727398100495336
0.9489767224046087,0.9489767224046087,67.29166666666667,67.29166666666667,10684,False,1.0,0.0,0.0,ok,4.0,4.0
0.9489767224046087,0.9489766245603592,67.29166666666667,67.96458333333334,10684,True,1.01,-0.5142594775557523,-12.856486938893807,ok,4.0,3.4857405224442477
0.9489767224046087,0.9489766261059986,67.29166666666667,68.6375,10684,True,1.02,-0.8087485796213145,-20.218714490532864,ok,4.0,3.1912514203786855
0.9489767224046087,0.9489766333970909,67.29166666666667,70.65625000000001,10684,True,1.05,-1.34035114645958,-33.5087786614895,ok,4.0,2.65964885354042
0.9489767224046087,0.9489766332127036,67.29166666666667,74.02083333333334,10684,True,1.1,-1.833175203502178,-45.82938008755445,ok,4.0,2.166824796497822
4.806668653614058,4.806668653614058,20.291666666666668,20.291666666666668,13333,False,1.0,0.0,0.0,ok,2.0,2.0
4.806668653614058,4.80666863477716,20.291666666666668,20.494583333333335,13333,True,1.01,-0.017434664070606454,-0.8717332035303227,ok,2.0,1.9825653359293935
4.806668653614058,4.806668619480904,20.291666666666668,20.6975,13333,True,1.02,-0.03441154032945648,-1.720577016472824,ok,2.0,1.9655884596705435
4.806668653614058,4.806668580402477,20.291666666666668,21.306250000000002,13333,True,1.05,-0.08144797772169099,-4.0723988860845495,ok,2.0,1.918552022278309
4.806668653614058,4.806668605416248,20.291666666666668,22.320833333333336,13333,True,1.1,-0.15186468660831487,-7.5932343304157435,ok,2.0,1.8481353133916851
6.484489022832026,6.484489022832026,75.625,75.625,14242,False,1.0,0.0,0.0,ok,3.0,3.0
6.484489022832026,6.484488935947624,75.625,76.38125,14242,True,1.01,-1.1902249562740326,-39.67416520913442,ok,3.0,1.8097750437259674
6.484489022832026,6.484488997216873,75.625,77.1375,14242,True,1.02,-1.2187709173560146,-40.62569724520049,ok,3.0,1.7812290826439854
6.484489022832026,6.48448898417028,75.625,79.40625,14242,True,1.05,-1.2930829647183417,-43.1027654906114,ok,3.0,1.7069170352816583
6.484489022832026,6.484488985494343,75.625,83.1875,14242,True,1.1,-1.3916953775286673,-46.389845917622246,ok,3.0,1.6083046224713327
18.962812148731306,18.962812148731306,61.208333333333336,61.208333333333336,14420,False,1.0,0.0,0.0,ok,20.0,20.0
18.962812148731306,18.962812992198522,61.208333333333336,61.82041666666667,14420,True,1.01,-10.718018756210807,-53.59009378105403,ok,20.0,9.281981243789193
18.962812148731306,18.96281361148306,61.208333333333336,62.432500000000005,14420,True,1.02,-10.774014342129231,-53.87007171064615,ok,20.0,9.225985657870769
18.962812148731306,18.962812836629684,61.208333333333336,64.26875000000001,14420,True,1.05,-10.941059817373752,-54.70529908686876,ok,20.0,9.058940182626248
18.962812148731306,18.962813114330213,61.208333333333336,67.32916666666668,14420,True,1.1,-11.203968958854674,-56.01984479427337,ok,20.0,8.796031041145326
4.038726154736531,4.038726154736531,74.08333333333333,74.08333333333333,18045,False,1.0,0.0,0.0,ok,4.0,4.0
4.038726154736531,4.038726065737078,74.08333333333333,74.82416666666666,18045,True,1.01,-0.5479295593500138,-13.698238983750343,ok,4.0,3.4520704406499862
4.038726154736531,4.038726075486399,74.08333333333333,75.565,18045,True,1.02,-0.7775586301088326,-19.438965752720815,ok,4.0,3.2224413698911674
4.038726154736531,4.038726081396802,74.08333333333333,77.7875,18045,True,1.05,-1.17265177667141,-29.316294416785247,ok,4.0,2.82734822332859
4.038726154736531,4.038726090395534,74.08333333333333,81.49166666666667,18045,True,1.1,-1.5394696077704433,-38.48674019426108,ok,4.0,2.4605303922295567
8.616896793651804,8.616896793651804,72.54166666666667,72.54166666666667,19018,False,1.0,0.0,0.0,ok,8.0,8.0
8.616896793651804,8.616896725525777,72.54166666666667,73.26708333333333,19018,True,1.01,-3.2402671352028847,-40.50333919003606,ok,8.0,4.759732864797115
8.616896793651804,8.616896802975488,72.54166666666667,73.9925,19018,True,1.02,-3.354308784306051,-41.92885980382564,ok,8.0,4.645691215693949
8.616896793651804,8.616896870918723,72.54166666666667,76.16875,19018,True,1.05,-3.6318023359775538,-45.39752919971942,ok,8.0,4.368197664022446
8.616896793651804,8.61689674881001,72.54166666666667,79.79583333333335,19018,True,1.1,-3.9706302660703656,-49.632878325879574,ok,8.0,4.029369733929634
7.5727751131754895,7.5727751131754895,64.16666666666667,64.16666666666667,19991,False,1.0,0.0,0.0,ok,4.0,4.0
7.5727751131754895,7.572775058952534,64.16666666666667,64.80833333333334,19991,True,1.01,-1.793798807859421,-44.84497019648552,ok,4.0,2.206201192140579
7.5727751131754895,7.572775092484658,64.16666666666667,65.45,19991,True,1.02,-1.8178117489814754,-45.44529372453688,ok,4.0,2.1821882510185246
7.5727751131754895,7.572775179975742,64.16666666666667,67.37500000000001,19991,True,1.05,-1.8835254442691802,-47.08813610672951,ok,4.0,2.1164745557308198
7.5727751131754895,7.5727751877353855,64.16666666666667,70.58333333333334,19991,True,1.1,-1.9769194230437286,-49.42298557609321,ok,4.0,2.0230805769562714
6.614247344673522,6.614247344673522,20.208333333333332,20.208333333333332,20270,False,1.0,0.0,0.0,ok,4.0,4.0
6.614247344673522,6.614247271630918,20.208333333333332,20.410416666666666,20270,True,1.01,-0.12020668566227055,-3.005167141556764,ok,4.0,3.8797933143377294
6.614247344673522,6.614247261982011,20.208333333333332,20.6125,20270,True,1.02,-0.2049717494845389,-5.124293737113472,ok,4.0,3.795028250515461
6.614247344673522,6.614247269431151,20.208333333333332,21.21875,20270,True,1.05,-0.38410978853702593,-9.602744713425649,ok,4.0,3.615890211462974
6.614247344673522,6.614247297821742,20.208333333333332,22.229166666666668,20270,True,1.1,-0.5858651071786882,-14.646627679467205,ok,4.0,3.4141348928213118
3.891510507466829,3.891510507466829,38.916666666666664,38.916666666666664,21669,False,1.0,0.0,0.0,ok,1.0,1.0
3.891510507466829,3.8915104296075382,38.916666666666664,39.30583333333333,21669,True,1.01,-0.007564076185226476,-0.7564076185226476,ok,1.0,0.9924359238147735
3.891510507466829,3.891510412160749,38.916666666666664,39.695,21669,True,1.02,-0.014966262280941,-1.4966262280941,ok,1.0,0.985033737719059
3.891510507466829,3.891510493381205,38.916666666666664,40.8625,21669,True,1.05,-0.03626178681850456,-3.626178681850456,ok,1.0,0.9637382131814954
3.891510507466829,3.8915105201456504,38.916666666666664,42.80833333333334,21669,True,1.1,-0.06900913953781118,-6.900913953781118,ok,1.0,0.9309908604621888
4.978900966809366,4.978900966809366,24.833333333333332,24.833333333333332,22962,False,1.0,0.0,0.0,ok,4.0,4.0
4.978900966809366,4.97890089253435,24.833333333333332,25.081666666666667,22962,True,1.01,-0.062161577939988,-1.5540394484997,ok,4.0,3.937838422060012
4.978900966809366,4.9789008757158095,24.833333333333332,25.33,22962,True,1.02,-0.12087817758321773,-3.021954439580443,ok,4.0,3.8791218224167823
4.978900966809366,4.9789008879355485,24.833333333333332,26.075,22962,True,1.05,-0.27968120098114024,-6.992030024528506,ok,4.0,3.7203187990188598
4.978900966809366,4.9789008691921985,24.833333333333332,27.316666666666666,22962,True,1.1,-0.5003644582629203,-12.509111456573008,ok,4.0,3.4996355417370797
5.052746853524366,5.052746853524366,43.583333333333336,43.583333333333336,23249,False,1.0,0.0,0.0,ok,1.0,1.0
5.052746853524366,5.052746756379098,43.583333333333336,44.01916666666667,23249,True,1.01,-0.05830872684717159,-5.830872684717159,ok,1.0,0.9416912731528284
5.052746853524366,5.052746775420668,43.583333333333336,44.455000000000005,23249,True,1.02,-0.08593717217445351,-8.593717217445352,ok,1.0,0.9140628278255465
5.052746853524366,5.052746756614953,43.583333333333336,45.7625,23249,True,1.05,-0.1386098992824556,-13.860989928245559,ok,1.0,0.8613901007175444
5.052746853524366,5.052746755811716,43.583333333333336,47.94166666666667,23249,True,1.1,-0.19423987179994573,-19.423987179994572,ok,1.0,0.8057601282000543
3.922033594515843,3.922033594515843,29.166666666666668,29.166666666666668,23652,False,1.0,0.0,0.0,ok,1.0,1.0
3.922033594515843,3.9220335534476267,29.166666666666668,29.458333333333336,23652,True,1.01,-0.003935017883777592,-0.3935017883777592,ok,1.0,0.9960649821162224
3.922033594515843,3.922033561101315,29.166666666666668,29.75,23652,True,1.02,-0.008499539494514652,-0.8499539494514652,ok,1.0,0.9915004605054853
3.922033594515843,3.9220335143807907,29.166666666666668,30.625000000000004,23652,True,1.05,-0.026159308254718683,-2.6159308254718683,ok,1.0,0.9738406917452813
3.922033594515843,3.922033574923304,29.166666666666668,32.083333333333336,23652,True,1.1,-0.05068142294883726,-5.068142294883726,ok,1.0,0.9493185770511627
7.775757006573515,7.775757006573515,74.125,74.125,37077,False,1.0,0.0,0.0,ok,4.0,4.0
7.775757006573515,7.775756943696935,74.125,74.86625,37077,True,1.01,-0.9916926115751266,-24.792315289378163,ok,4.0,3.0083073884248734
7.775757006573515,7.7757569498522665,74.125,75.6075,37077,True,1.02,-1.080637406408786,-27.01593516021965,ok,4.0,2.919362593591214
7.775757006573515,7.775756923416072,74.125,77.83125,37077,True,1.05,-1.274379889369011,-31.859497234225277,ok,4.0,2.725620110630989
7.775757006573515,7.77575697216366,74.125,81.53750000000001,37077,True,1.1,-1.4907268095016484,-37.26817023754121,ok,4.0,2.5092731904983516
9.28242098669249,9.28242098669249,76.75,76.75,38128,False,1.0,0.0,0.0,ok,8.0,8.0
9.28242098669249,9.2824209307234,76.75,77.5175,38128,True,1.01,-4.661322036087513,-58.26652545109391,ok,8.0,3.3386779639124873
9.28242098669249,9.282421234926124,76.75,78.285,38128,True,1.02,-4.694905130565166,-58.686314132064574,ok,8.0,3.305094869434834
9.28242098669249,9.282421165686127,76.75,80.5875,38128,True,1.05,-4.788575804233551,-59.85719755291938,ok,8.0,3.2114241957664493
9.28242098669249,9.28242091041114,76.75,84.42500000000001,38128,True,1.1,-4.925373206138611,-61.567165076732635,ok,8.0,3.0746267938613894
6.706154027836235,6.706154027836235,25.333333333333332,25.333333333333332,38760,False,1.0,0.0,0.0,ok,5.0,5.0
6.706154027836235,6.70615398975575,25.333333333333332,25.586666666666666,38760,True,1.01,-0.050694529116153575,-1.0138905823230715,ok,5.0,4.949305470883846
6.706154027836235,6.70615400661976,25.333333333333332,25.84,38760,True,1.02,-0.09950515449047082,-1.9901030898094163,ok,5.0,4.900494845509529
6.706154027836235,6.706153984404405,25.333333333333332,26.6,38760,True,1.05,-0.2359468978643413,-4.718937957286826,ok,5.0,4.764053102135659
6.706154027836235,6.706153971499623,25.333333333333332,27.866666666666667,38760,True,1.1,-0.43582182765007005,-8.716436553001401,ok,5.0,4.56417817234993
